feature	Acidaminococcaceae	Eubacteriaceae	Bacteroidales_unclassified	Bacteroidaceae	Clostridia_unclassified	Ruminococcaceae	Odoribacteraceae	Prevotellaceae	Lachnospiraceae	Enterobacteriaceae	Rikenellaceae	Akkermansiaceae	Tannerellaceae	Clostridiaceae	Alphaproteobacteria_unclassified	Sutterellaceae	Veillonellaceae	Lactobacillaceae	FGB1798
SRR16554624	0.129788393025472	0.0619522507598909	0.0374319376975176	0.0131750435367732	0.011430219326974	0.0549394211043623	0.00254290523849657	0.000946743181101799	0.358383092306901	6.48301115748575e-05	0.0283691352035703	NA	0.0305342373780616	0.00408392444236789	NA	NA	0.000358428547902373	0.000759331996491722	NA
SRR16554625	0.0455581767111871	0.00122686254479719	0.239376287423723	0.160771016936278	0.0644469873460384	0.247180354539019	0.0096480845007429	NA	0.0595109188851509	NA	0.071225158214415	0.0257145367891735	0.013626132044539	0.0289687226650195	NA	NA	NA	NA	NA
SRR16554626	0.00661027069733319	0.00121466486080059	0.13723378828544	0.15745662518818	0.0490600533460806	0.241589361324258	0.00922217879070045	NA	0.111732361684435	NA	0.107748003671485	0.0445174827089983	0.0229418023140979	0.0437476451539551	0.00286606548588254	0.00472058454955426	NA	NA	NA
SRR16554627	0.0111672282882004	0.00825074099754652	0.0574871944575669	0.0600854480654059	0.162805280512336	0.220173777258804	0.0107560127474437	0.000194297557184438	0.153828780992365	0.000132508076682769	0.114060523689063	0.0256102514819951	0.0187032828667652	0.020514107526554	0.0019772633760534	0.00427418909343046	NA	NA	NA
SRR16554628	0.0128771174337833	0.000645535368282042	0.0840717670310535	0.287491718052875	0.0347670448051367	0.153465522865613	0.00817238533377909	6.98850931263953e-06	0.099278650577465	0.000861841003297449	0.112905003840299	0.00189163166588253	0.0474125269705736	0.0150499802405535	0.0221000335223011	0.0140413805416906	0.000118917376207011	NA	NA
SRR16554629	NA	NA	0.136567013656701	0.464284046428405	NA	0.0421832042183204	0.0139928013992801	NA	0.0352227035222704	NA	0.141608414160841	0.0259213025921303	0.113977311397731	NA	NA	NA	NA	NA	NA
SRR16554630	0.0363614659759352	0.00045398700220696	0.0506208562067449	0.248118883394582	0.0125750326574041	0.0806230577356169	0.000725836131892885	NA	0.0618143981659218	0.0965207488874342	0.0184012514041535	0.276306703467429	0.0839919817561349	0.0055364064782598	NA	0.00145772960128934	0.0142226284583742	NA	NA
SRR16554631	NA	NA	0.213699721369972	0.438602643860264	0.0196035019603502	0.121796712179671	NA	NA	0.0762212076221208	0.000192000019200002	NA	NA	0.0107776010777601	0.0121345012134501	NA	NA	0.000761100076110008	NA	NA
SRR16554632	0.0402875330692836	1.40881377181828e-05	0.115535769548805	0.0638307905215009	0.172013483628536	0.129882034550634	0.0291827040515388	0.0552231712374717	0.047715008849912	0.171242245411633	0.0582331426117731	0.0010781500435568	0.0217235590687671	0.0254495804180009	NA	0.00121239485999535	0.00908184229994786	NA	NA
SRR16554633	0.0155318809867808	0.000112607124935959	0.35065266035979	0.32022338356094	0.0230603148345948	0.0471599956274192	0.00488754433493969	NA	0.0663847537416077	0.000727117156628389	0.0674225831503742	NA	0.0313829252477466	0.0405523939221127	NA	NA	4.47794414950012e-05	NA	NA
SRR16554634	0.0192292859211154	3.76809285187728e-05	0.0191716265137175	0.138512058529356	0.313083880528696	0.141157183843733	0.00261831874777929	7.63734255883852e-05	0.0479843864394178	0.00765251608710111	0.0744164197807172	0.0265688479878005	0.0665787866488125	0.0140879887614734	0.0012344929702308	0.0112094440039906	NA	NA	NA
SRR16554635	0.00375157084681059	NA	0.123826561238194	0.237330877558159	0.0488268851241347	0.143238773033688	0.0157981845113425	NA	0.0772380518476613	0.00587151228823257	0.149739811627937	0.043930161554307	0.00824322106726895	0.0491086658922194	NA	0.0161966721799251	NA	NA	NA
SRR16554636	0.0201782540226498	NA	NA	0.000617826380119681	0.145551227807699	0.216266346285908	NA	0.108324743768732	0.195634945504602	2.17794910977441e-05	NA	0.02784263473171	NA	0.0728572869954659	NA	0.0606678836512917	0.0037342937644428	NA	NA
SRR16554637	0.00264275750243465	0.000424721288617576	0.0894993244230479	0.0660924386637167	0.0189358275270013	0.0427315980515991	0.000667920484178016	0.669787811626219	0.0125347013456455	0.000259575529673386	0.00170037391211693	NA	0.0473650372072438	0.00692506253313815	NA	0.00898858697120126	0.0160819854582407	NA	NA
SRR16554638	0.0167753778650021	0.116468608568795	NA	0.105182393785515	0.101687119196773	0.154105194034751	2.22372294501509e-05	1.38796130125103e-05	0.169266507225234	0.00832582764654744	0.149505520131035	0.000386241273939534	0.0216113036762319	0.0175195042142535	NA	NA	4.34297568455968e-05	NA	NA
SRR16554639	NA	NA	NA	NA	NA	NA	NA	0.000754068197927821	NA	0.313562122194695	NA	NA	NA	NA	NA	NA	0.395243646289916	0.258612658474287	NA
SRR16554640	0.00962892267671156	0.00112656174050267	0.189190425016194	0.307592529867376	0.0110043747045985	0.099211655996999	0.00962946444921349	0.0135840786497642	0.0835464124583404	0.000212808238756108	0.0947763812327405	0.000465707642654659	0.0275107742297458	0.0502572010775638	NA	0.0151496928258269	0.000881138797130686	0.000495613484760915	NA
SRR16554641	NA	0.00396687855097206	0.304006717318224	0.289875380868859	0.0116336179758281	0.107639756230422	0.0102241203641842	NA	0.0699443349194168	0.00530782061230125	0.000919477397325118	0.0175716093117124	0.0855712855584075	0.0193130778886737	NA	0.0121588728161708	0.00780114882892148	NA	NA
SRR16554642	NA	NA	0.102659976724663	0.701910730830895	0.0192363811787228	0.0699175873747433	NA	NA	0.0322621860018462	NA	NA	NA	NA	0.00491924451357371	NA	NA	0.00827091711802799	0.00075202035732477	NA
SRR16554643	NA	0.000179149584710492	0.019973172408698	0.121941622727025	0.483520362510011	0.0770078856501655	0.0656433346559089	NA	0.0502839131462042	0.000968210272045371	0.0677648056274213	0.0262639428062	0.0167841209738845	0.0109903195495155	NA	NA	0.00121769790187276	NA	NA
SRR16554644	0.00898084506549576	NA	0.163766482749623	0.112766769928392	0.0478658757540202	0.186537638260696	0.00672131004179823	0.144135798467046	0.0298841826215733	0.104587753720232	0.0610194072336683	NA	0.0439460916095249	0.0139313366317177	NA	0.00404161146994217	0.00403367057991717	NA	NA
SRR16554645	0.00473985977846157	NA	0.26202812340972	0.278886304889121	0.0441954048749704	0.247278230856649	0.00280669396565741	NA	0.0886884311517871	NA	0.00532224850167564	NA	0.0063550793613126	0.0144278813574964	NA	0.00743064729194188	NA	NA	NA
SRR16554646	NA	0.000480499855850043	3.3499989950003e-05	0.0676584797024561	0.0104100968769709	0.0349258895222331	NA	0.000404899878530036	0.0259704922088523	0.00911039726688082	0.796879360936192	NA	NA	0.0103264969020509	NA	0.033695689891293	NA	NA	NA
SRR16554647	0.0163713135008419	0.000601483894645504	0.26550847814241	0.27441770531657	0.0351959696530814	0.112364030922195	0.0101846372320235	NA	0.0962850432815922	NA	0.021064400644097	0.0590482257769833	0.0291453357033319	0.0357970274167353	NA	0.0194317862825238	2.46090647649861e-05	NA	NA
SRR16554648	0.0265729026572903	NA	0.470026447002645	0.305694230569423	0.00223460022346002	0.0375506037550604	0.00283420028342003	NA	0.0562815056281506	0.000936400093640009	NA	NA	0.0755646075564608	0.0121519012151901	NA	NA	NA	NA	NA
SRR16554649	0.0524096052409605	0.000433500043350004	0.285044328504433	0.128719912871991	0.00388360038836004	0.0302279030227903	NA	0.282254728225473	0.0713578071357807	0.000641300064130006	0.0163424016342402	NA	0.0522553052255305	0.0174411017441102	NA	NA	0.0135236013523601	NA	NA
SRR16554650	1.29758317166661e-05	0.00165396325153399	0.128246405125499	0.451326858469189	0.0102825498738613	0.0759985357798316	0.0113587471447479	NA	0.078646857503969	0.0660269505748294	0.0397055897606574	9.33349298918089e-05	0.0414517497112308	0.0145312241763875	1.00164315005844e-05	0.00338931000901024	0.00171349272511133	NA	NA
SRR16554651	0.00255291391484325	1.89788396337448e-05	0.0239332267225182	0.107246172968985	0.173407967836846	0.400185082684045	0.017312211531387	0.00685487089319359	0.0325315510209706	0.000862107290760243	0.0654539881431649	0.00211835048405141	0.0371874763576955	0.0264003458828527	NA	0.00238327428661012	NA	NA	NA
SRR16554652	NA	0.00143830141747376	0.0597192093641947	0.0884872260342747	0.0433998194604891	0.359255110481034	0.00979757405003012	0.000292407398938634	0.0495096801388643	0.00812291102066462	0.102340352767842	0.119468119267423	0.0392909549307369	0.0100641332811068	NA	NA	0.00614378639869407	0.00135901713335865	NA
SRR16554653	0.0141456028913904	NA	0.113025703246902	0.157337391425053	0.0952337815571042	0.215164581496438	0.0592811111082549	NA	0.0485405008007362	0.000254281946547323	0.155687489235689	0.0229537526637653	0.0471144448700185	0.0211716197492655	NA	0.00513715338918351	NA	NA	NA
SRR16554654	0.013850795762587	0.00476829326289375	0.0297912939633363	0.0554931309075985	0.0480545840234522	0.238777272783317	0.00461963270508787	0.171425233192168	0.149185919050451	0.000854974345485492	0.0435529638464804	NA	0.0317063848300473	0.0724128395282082	NA	0.0102992645060001	1.96100419854522e-05	NA	NA
SRR16554655	0.00300603777975294	0.0106503911157452	0.264118089738136	0.189879582618013	0.0136965225177959	0.173274673658207	0.0329418301803881	NA	0.131257172423115	NA	0.0590072351770127	0.00161223096533759	0.0762058003172808	0.00719889597414527	NA	0.00127414088037969	0.00561482893367322	5.0547480872206e-05	NA
SRR16554656	0.0129215062282339	0.033158209834078	0.0792094115792469	0.124741328199211	0.0727509187463669	0.224928351982585	0.00294937723456329	NA	0.0867009108933385	0.0051481092747453	0.173181009696606	0.069154637430605	0.0166553749198035	0.0254919154376629	NA	0.00639960960886123	1.13593621138614e-05	NA	NA
SRR16554657	0.0160340475096639	0.00770001809803567	0.112019067904758	0.303434102267823	0.115907361259995	0.199570287665957	0.00357471008339018	5.33660026079733e-06	0.0964549892571916	3.5035940842626e-05	0.0439723100054294	0.0238548351918624	0.0170542662638694	0.0152565280542755	0.00995565981261572	0.00530724895936295	NA	NA	NA
SRR16554658	NA	NA	0.0892921535752921	0.349898809939286	0.00559350335610201	0.219348131608879	0.00978500587100352	3.91000234600141e-05	0.0399062239437344	0.013822808293685	0.0236332141799285	0.022314113388468	0.0191167114700269	0.118079970847983	NA	NA	0.00814950488970293	NA	NA
SRR16554659	0.00516312420769319	0.00032408203899084	0.290773182140227	0.233197521280659	0.0807575278300669	0.176441957398678	0.00842984930021233	NA	0.0532885965313057	NA	0.0688947042699476	NA	0.0136808527522052	0.0147844805254567	NA	0.0162404996962482	0.0102955344008986	NA	NA
SRR16554660	0.00143241812051858	0.000956444757034817	0.0581876073819489	0.0869305647276749	0.170288739454334	0.112302044082058	0.00454532753496366	0.0341580403309732	0.0759974892813988	0.000671433215498576	0.0399606354217142	0.0940566710897296	0.0246009531734624	0.0175845714842613	NA	NA	0.000351118953131208	NA	0.118595060754074
SRR16554661	NA	NA	0.0470546980206957	NA	NA	0.874975636511273	NA	NA	NA	NA	NA	NA	NA	NA	NA	NA	NA	NA	NA
SRR16554662	0.00331958194149099	0.00270193172252781	0.0442990717234536	0.100300091296619	0.0429351726980591	0.33536165839398	0.0119868963484913	NA	0.10628432393691	NA	0.15523608836608	0.014022901020767	0.0714017476422371	0.0228720127794323	NA	0.00658638400669215	NA	NA	NA
SRR16554663	NA	0.0002081	0.2854191	0.3624124	0.0138382	0.0804329	0.005666	NA	0.0524036	0.000126	0.0552358	0.001579	0.0800576	0.0220373	NA	0.0150119	0.0010485	NA	NA
SRR16554664	0.0550925902732202	6.50166465994568e-05	0.229505533929727	0.437886892187593	0.0201612835889189	0.0591244016715067	NA	0.0179159826837513	0.0405653776337169	0.0171373415427983	0.0353661611733723	0.00276688136632928	0.0257430294974069	0.0213394876487854	NA	NA	0.0073537835179461	0.00451019586821438	NA
SRR16554665	0.0211957243430523	0.00184960767132434	0.0962078968712143	0.5055914351207	0.0096184443696194	0.0219162763493118	NA	NA	0.0629280617349228	0.0358143195617317	0.0488627632508787	0.134642365507052	NA	0.0107613737438512	NA	0.00897562917821616	NA	NA	NA
SRR16554666	0.00323804438916737	0.00195182016893229	0.107829021246918	0.23822599416659	0.0527645520915854	0.189021321244502	0.0196431944889201	NA	0.123302981183567	0.00472470304919253	0.0990791536414218	0.00832843499476306	0.049696096545479	0.0313972250111955	NA	NA	NA	5.20287173744327e-05	NA
SRR16554667	0.000971599410770472	9.54415291172715e-05	0.0370490779616801	0.0692855574557425	0.0795721107776592	0.289191200383903	0.00195341640616664	0.000321389480044535	0.127425471718597	0.00363026137394235	0.109152598813622	0.169266132434062	0.0181187963731754	0.0171812168748519	0.00148259475097134	NA	NA	NA	NA
SRR16554668	NA	NA	0.319145211780748	0.463352119546817	0.000258676168583243	0.00958375990968379	4.00452551833324e-05	NA	0.106601379417467	0.00142858414135085	0.000797466874686262	NA	0.0221257113594636	0.0248755866731009	NA	0.0284459852204694	0.00146994401349727	NA	NA
SRR16554669	0.00649618746254124	0.000190324473254541	0.0270178328036968	0.280233625967023	0.044086662504077	0.180210086961585	0.0543653615453148	NA	0.133339848753059	NA	0.106280375780579	0.00662421224882495	0.0197440767395127	0.0687021037705119	0.00537490014120192	0.0102875837045	NA	NA	NA
SRR16554670	0.00452279707219175	0.000184556390186465	0.1677408808012	0.211798271453566	0.0487604874599456	0.22434232909759	0.0131472864383079	0.00485836335879658	0.0548470984259195	0.00115882359439431	0.165543129389232	0.0045482356520582	0.0255063822964511	0.00943771313045238	NA	0.00113490524838442	0.00050603517638716	NA	NA
SRR16554671	0.0189411701473032	0.000535468973905595	0.0387665359505892	0.136346948345283	0.105625460772057	0.154666631681142	0.0218995277800584	0.0049009006797631	0.0749654447407869	0.0678279744820097	0.234855676246211	0.000893823728819298	0.0547827822125692	0.0148218362152659	NA	0.00586042807046649	0.00603553203249252	NA	NA
SRR16554672	0.00551929944807006	NA	0.319724168027583	0.244318975568102	0.0674301932569807	0.147987285201271	0.00199399980060002	NA	0.0364808963519104	9.07999909200009e-05	0.0637978936202106	0.0103635989636401	0.0107343989265601	0.0103229989677001	NA	0.0124183987581601	0.00874939912506009	NA	NA
SRR16554673	NA	0.000795478927503684	NA	0.417730649909704	0.0016978868003711	0.160727583573823	NA	NA	0.0840306599386934	0.0480517355030554	NA	NA	0.223844430556088	0.012627574128265	NA	NA	0.00444524649536106	NA	NA
SRR16554674	0.00397900039790004	7.30000073000007e-06	0.414968641496864	0.0253913025391303	0.00501180050118005	0.102311910231191	NA	NA	0.097641209764121	0.0565958056595806	0.209333320933332	0.00399760039976004	NA	0.0338955033895503	NA	NA	0.00666740066674007	NA	NA
SRR16554675	0.00231191061947661	4.91478475669183e-05	0.0396503357799531	0.201404988279374	0.00887562631239466	0.27054609763509	0.00664311631220158	NA	0.164790667856265	0.0237067120781765	0.0889707170722586	0.0423865079659265	0.0148375906279598	0.0422987439524141	0.0424360688206158	0.00934779670509113	NA	NA	NA
SRR16554678	0.00254356092589837	0.00143855539421405	0.0413790264215118	0.0564006498128915	0.0344228168997641	0.222625740975848	0.00187717807189746	0.394544836546742	0.0630712374228813	NA	0.0358473421032608	NA	0.0104846488719471	0.0690427733406304	0.0104349799486044	0.00450778762633444	NA	NA	NA
SRR16554679	0.00253376127797581	3.88163163651478e-05	0.0956351157156354	0.405286614434592	0.0105814327501024	0.118410746706331	0.00324420477642116	0.0305946009231569	0.0764413914537382	NA	0.0608861198517762	0.00106870760759935	0.00966159096121159	0.144708801043718	NA	0.00658943688435486	NA	NA	NA
SRR16554680	0.0196882157011924	0.00072469315473851	0.315199038175588	0.319471054039615	0.00563920460667592	0.0258788931220237	NA	8.27106602547776e-05	0.0905133746010955	NA	0.139905287058327	NA	0.0423910605169067	0.0176504138508955	NA	NA	0.000272042134411185	NA	NA
SRR16554681	0.005634661076348	0.0021007084943656	0.125800478411225	0.14958134520059	0.0588941299008286	0.191432009061515	0.00976665414707902	0.0224050879265563	0.136783532731314	NA	0.0782645671434587	0.0448485918321279	0.0182997637999351	0.0483983129564609	0.0129231141749354	0.0123242270530404	NA	NA	NA
SRR16554684	0.0035999506077536	0.0021148099870468	0.286487193179291	0.174218474008557	0.024377608630232	0.173374144630965	0.00412474322573892	1.26751625691819e-05	0.0673520317876722	NA	0.119042366935326	NA	0.0267575748407018	0.0276139660665454	0.00225352124193696	0.00834679898991221	NA	NA	NA
SRR16554686	0.0106612100451101	0.00019812099606035	0.351450449915411	0.169816336672361	0.0149600131266897	0.0607794840544288	0.0187506029897022	NA	0.0852944925414722	0.000987201242810191	0.125706246186934	0.0158267924844537	0.089285316065195	0.0101887947553335	NA	6.38494205312976e-05	NA	NA	NA
SRR16554687	0.00839540451326654	0.000281237497012289	0.110054105452156	0.203419651867798	0.00370120952133498	0.109502735887575	0.00301437372731528	0.227638392410049	0.0370499137028093	0.105189627208742	0.0632512235231805	0.0012044888746108	0.0213780517294905	0.0463067393648755	0.0122913092210782	0.00773728275754016	NA	NA	NA
SRR16554689	0.00538500384839749	0.000103117995995973	0.0620950315970903	0.164277978167358	0.0233354754491297	0.267979638959969	0.00427558549106505	8.30025758324872e-05	0.0714722052535125	0.000282780459245629	0.104369810353936	0.00424805912663081	0.0307468432024172	0.0304428886166837	0.189827737893958	0.0195737860079255	NA	NA	NA
SRR16554691	0.00377228878921085	0.000132539876377678	0.115563104160936	0.275987444735403	0.0304241321356864	0.240962253096335	NA	0.000119625734576776	0.159269544420796	NA	0.0806490421105242	0.0236224575566534	0.00931064311066785	0.0306612312478731	NA	0.00587015714018369	NA	NA	NA
SRR16554692	NA	0.0119572209934926	0.098830326198117	0.0847272899927775	0.0750949214072156	0.0904611445631474	0.00335566175532277	NA	0.162005221380031	0.0141757513791665	0.0308467813549205	0.305347160538241	0.0150431907800987	0.0279780003111922	NA	NA	0.00115578855240713	3.36068484298844e-05	NA
SRR16554693	0.0075922129004239	0.00188559051047799	0.190892778921017	0.318347478384345	0.0363506424048054	0.13337758507663	0.00819916531554188	NA	0.0491508650372825	NA	0.0306880427980548	NA	0.0595185947344796	0.0159179307085555	NA	0.0150009455011473	0.0041134763730347	NA	0.00739926197833392
SRR16554694	0.0286834221239025	0.00729750113017788	0.204928560717096	0.328167207218252	0.0615573139749095	0.107607930619666	NA	NA	0.0346758277663635	0.025732918989506	0.112801713710891	NA	NA	0.0039090472244692	0.0150366746828113	0.00297907227993822	NA	NA	NA
SRR16554695	NA	0.000242324942042109	NA	0.438037058614948	0.0321403376681151	0.134015814058244	NA	NA	0.117485251101223	1.53561653142383e-05	0.133556176110088	0.0419308237326278	0.00963262003169885	0.0287316179721113	NA	0.00647308901829431	0.0075038134477197	NA	NA
SRR16554696	NA	NA	0.174890989236085	0.388712256416644	0.0597360414113737	0.0255002559288003	0.0123659686026761	0.0591502501383151	0.0585801919507405	0.000140296536722027	0.0496814168483365	0.00838644432622943	0.0837703996310177	0.00562936896250238	NA	0.0202746239644702	0.0161667508327593	NA	NA
SRR16554697	0.0153444015344402	0.000290000029000003	0.097434709743471	0.135481313548131	0.0381581038158104	0.190516619051662	0.00428910042891004	NA	0.0900377090037709	4.26000042600004e-05	0.186325918632592	0.00786970078697008	0.0421265042126504	0.0759897075989708	0.0207833020783302	0.0263591026359103	6.86000068600007e-05	NA	NA
SRR16554698	NA	0.000218114381933088	0.00669206632542433	0.0160551303626877	0.284104182899926	0.435642268165745	0.000707735121708058	0.00247328419406328	0.0102341226485964	0.000562014663441698	0.12171377051336	0.0726231128034891	0.00484479722007333	0.00197783463595765	NA	NA	0.000493351183506589	NA	NA
SRR16554699	0.0351065155511881	0.00162398816402379	0.146218553825968	0.362099293739175	0.000918660602284299	0.0565798091201796	0.0073238122164183	NA	0.111710205235608	0.0499277269820182	0.116431749621891	0.0387904905946261	0.0167935813435151	0.00244284447713916	NA	0.0231015637652239	0.00440445441145389	0.00411953457603764	NA
SRR16554700	0.00257806044896004	0.000439600030916034	0.149849750916983	0.0517919634947371	0.0247674146629229	0.0432491777531955	0.010214259878474	0.534516006857517	0.0349044858880681	0.0045672150881604	0.0514668785618608	NA	0.0201599316439195	0.030132076784554	NA	0.00944227191462955	0.000229233057192025	NA	NA
SRR16554701	0.020239669249907	0.000156875144815299	0.370263533589877	0.0836186710510291	0.012682239679686	0.0681208944481187	0.0106406423421004	0.247475037367482	0.0418585741148461	NA	0.0624355304772435	NA	0.0290896256679267	0.0101556949729898	NA	0.0110718547005311	0.000379697802737666	NA	NA
SRR16554702	NA	0.000645144232040401	0.147106868905869	0.138318218273799	0.124854798480562	0.197006248733067	0.00988704100308765	NA	0.0901849354708877	NA	0.162999156847019	0.00512754524969961	0.00539899938012098	0.0344282570823381	NA	0.012042927356642	0.0101503867633795	NA	NA
SRR16554703	0.00289114891404496	0.00101745029687015	0.0234931761081599	0.0264279788101099	0.169215007343104	0.197245494758375	0.00374776304821475	0.0222981841487487	0.292065789916512	4.21905324445194e-05	0.0508461762452182	NA	0.0516616972885389	0.0230176180834963	0.00824642002357792	0.00339841080701953	0.00377044350785256	NA	0.00609299573753684
SRR16554704	NA	0.000194006534616227	0.0884500642529177	0.19572920405008	0.0433465730437213	0.319385606991419	0.00256343402843292	NA	0.0372166765845285	0.0485398502265376	0.0332693014313359	0.108382721640197	0.0144482659856738	0.00799133590623449	NA	0.00950621577933041	0.00425175031379878	NA	NA
SRR16554705	0.00674290198135882	0.000215497652306676	0.0843465634855163	0.173079821573006	0.136923963730123	0.252643556758262	0.0267897062765849	0.0149529828533822	0.102429497291035	0.00227889054951326	0.0845599901513086	0.00366714184301692	0.010453304431566	0.017051237356915	NA	0.00562042729053985	NA	0.00112834248594318	3.83132505168837e-05
SRR16554706	0.0162129122887255	0.0100429580959612	0.0529086074627332	0.125560217543126	0.325205745550657	0.132320024586021	NA	0.00205976407753603	0.0425939124073187	NA	0.126354158441842	0.0372119850213691	0.0150564479320755	0.0171677787407487	NA	0.00387321141519343	0.000100954586310828	0.00229331882962819	NA
SRR16554707	0.0109681442076807	0.00251031351334899	0.0801495333545053	0.406029698531859	0.0104189257026427	0.106722622498219	0.0149053291875617	1.20854927758967e-05	0.111583340551058	NA	0.0938807792994308	0.0203998641948701	0.0421910147942098	0.0530127902560491	NA	0.0138310631630375	5.1251441586673e-05	NA	NA
SRR16554708	NA	0.000318200095460029	0.267569380270814	0.255983876795163	0.00432630129789039	0.162025248607575	5.5000016500005e-06	NA	0.10974793292438	NA	0.0147072044121613	NA	0.0794482238344671	0.0300750090225027	0.0264262079278624	0.0215088064526419	NA	NA	NA
SRR16554710	0.00563863005683178	0.000721945055322483	0.131349452352136	0.106575254298883	0.0100888675936446	0.0533351787196578	0.0101788698505022	0.407416866082876	0.0349525011389139	0.00169723399487259	0.140751514310642	NA	0.0636137991822944	0.0106753558518073	NA	0.0118966207326433	0.00829562363459265	NA	NA
SRR16554711	NA	0.0196577948096165	0.262087121144314	0.229167931028912	0.0149627720816591	0.0639589739738581	NA	0.000267644566269537	0.204998709804742	0.0133585419876691	2.13941007295388e-05	NA	0.0134464106156655	0.0722467866279011	0.000537253896891786	0.0416352122447607	0.00383270948426682	NA	NA
SRR16554712	NA	NA	0.532575440757431	NA	0.0245793746263291	0.0828762918915569	NA	NA	0.162600726242312	0.0571167295365013	NA	0.00167239487731148	NA	0.022918344619958	NA	NA	0.00867491422566602	NA	NA
SRR16554713	0.0417810831173168	0.0644661124296978	0.000786001329598932	0.0010224898267091	0.0397169091448375	0.136394951966518	NA	NA	0.456537603180028	NA	0.00160411390995402	0.0323167144733978	0.0395293118377884	0.0328675552147524	NA	NA	4.82875951220354e-06	0.00990040562787092	NA
SRR16554714	NA	NA	0.168323816832382	0.531260653126065	6.20000062000006e-06	0.0852672085267209	NA	0.000342100034210003	0.0672768067276807	0.000910200091020009	0.0356392035639204	NA	0.0632624063262406	0.00260850026085003	NA	NA	0.00587420058742006	NA	NA
SRR16554715	0.00630448197521288	0.000367359156159621	0.259736265253884	0.267095058841119	0.0047361527138594	0.072537698107362	0.01238917990302	NA	0.0470387766074407	0.00637404291329356	0.138602460664715	0.00013983479939206	0.0761091379546171	0.017765333985692	NA	0.0326124694957973	0.00114495470849638	NA	NA
SRR16554716	0.00610496151661928	7.19230441635815e-05	0.0834232455683367	0.416532750881437	0.065376428623308	0.0983153620136672	0.00386624296474274	0.00292122878953011	0.144170399550213	NA	0.0863360782781684	NA	0.0252172713226537	0.012974269758555	NA	0.00816979017691046	NA	NA	NA
SRR16554717	0.00466001414263231	0.000510724829501777	0.232770931347766	0.255110131689966	0.0993941511313266	0.0941149069279302	NA	NA	0.0441235571127755	0.05376529389073	0.0976982669956536	NA	0.0124586176836653	0.00427470299632325	NA	0.0267667512649146	NA	NA	NA
SRR16554718	0.00114116023191426	0.0032778167959682	0.0254929152653059	0.0878028414748984	0.26337354342869	0.301661705610551	0.000152161917608383	0.00909971587417022	0.130067140769268	0.00247996850627357	0.00878412880804151	NA	0.0509155436377095	0.00761383579617234	NA	0.00411681919861029	9.85532704794508e-06	NA	NA
SRR16554719	NA	0.00304480213136149	0.0576742403719683	0.24474267131987	0.0471645330151731	0.087816361471453	0.000886700620690434	4.60000322000225e-06	0.0146674102671872	0.415258690681083	0.0281416196991338	0.030513921359745	0.00985160689612483	0.00441020308714216	NA	0.00544170380919267	0.00621650435155305	0.00126770088739062	NA
SRR16554720	0.00905633324883063	0.000562189357924941	0.33712778094112	0.280589225413171	0.00110202096075601	0.0459693475177663	0.00736868334819643	0.0412796280823501	0.0355161353875062	0.000849714896551509	0.0809714949440822	NA	0.0385150796446944	0.0296772754214587	NA	0.0286971402868596	0.00143245896480469	NA	NA
SRR16554721	4.56427350888138e-05	0.00370189430237979	0.0682739066712388	0.0440767059992489	0.122419722215092	0.371495993802898	0.00436623773593132	0.00528338822453949	0.142569110350065	0.000370619008921168	0.0828192260946712	0.00237825498480419	0.0110416756833442	0.0161817994170402	NA	0.00230533400333289	NA	0.000453742484118208	NA
SRR16554722	0.00903537773275829	0.000315707514434321	0.259877638787771	0.334281291634451	0.00275518010528668	0.115205244881741	0.00803142365806808	9.97685891081325e-05	0.0898371745284837	0.00035268979772676	0.0990464943563887	NA	0.0291969903107462	0.0189866415605019	NA	0.0144079423736629	NA	NA	NA
SRR16554723	0.00530582922502677	0.00174110089766929	0.00476522820832078	0.136041540722299	0.0344816743567814	0.287034904231094	0.00655877001620967	5.23364462550139e-05	0.069561718302682	0.00930575442882813	0.249785143740848	0.0809434850996257	0.0466702163521831	0.0166125908954014	0.022214053140192	0.00597377181455682	NA	NA	NA
SRR16554724	NA	NA	0.503530143453085	0.260219640137752	NA	0.0144906472646433	0.00820932307213896	3.89260812463403e-05	0.0323165870317705	0.000394994966074762	NA	0.00243646392390337	0.134305015068694	0.00359674785272488	NA	NA	9.63778895447633e-05	NA	NA
SRR16554725	0.00438092975580395	0.000390885543195064	0.0810090280660453	0.0496042389178367	0.0589343145908349	0.0780044113623856	NA	0.466395005426275	0.0354056795922154	7.79243809171194e-05	0.047452999488437	0.0224050496683686	0.00912494500539468	0.0206913451074967	0.0487523358886212	NA	NA	NA	NA
SRR16554726	0.00456699960314362	0.000311772158898691	0.106270290095506	0.339731524221251	0.0406710694954069	0.234315939150857	0.0448159009290343	NA	0.0354907926067609	0.0252357554584016	0.0787442748588232	NA	0.0178997067491607	0.020038400733859	NA	0.006217145496656	NA	NA	NA
SRR16554727	0.0100602292372209	0.0001491120527659	0.0729824000508786	0.0767094493639963	0.263765577804907	0.179180261861391	0.00657790417208648	0.00933293197697229	0.0209855876970095	NA	0.178028296053172	0.0569645641867227	0.0275368493697545	0.00916974666850586	NA	0.00775490103815507	NA	NA	NA
SRR16554728	0.00860867201011059	6.06517927064435e-05	0.0569503544089918	0.0698614211470555	0.119508271361997	0.29577990492779	0.0132642742367659	0.0107231949769403	0.0494609073487202	0.0208722966011176	0.166372904220851	0.0918932373146198	0.027448294084383	0.0317419792988506	0.000857414875786073	0.00019087475939969	NA	0.000978403659506712	NA
SRR16554729	0.0214977693277413	NA	0.256511555875503	0.494253542741024	NA	0.0125828209508428	NA	0.0518746183501344	0.0444178572834194	0.00136246480862532	0.0388384783087687	NA	0.0601099151612995	0.0128551612798774	NA	NA	NA	NA	NA
SRR16554730	0.02430185480836	0.00461490843400593	0.258504635576936	0.152159926413338	0.0945008081101163	0.145220179570211	0.00642037286883678	0.00381081876600322	0.15846727372039	0.000116989384091097	0.0160974221451504	0.0290986460602268	0.0320099036666602	0.019394869296357	NA	0.0181160269680349	NA	NA	NA
SRR16554731	0.00676152647424846	NA	0.0380017940398268	0.183650957911872	0.0850772137831829	0.382954421080489	0.00453953460360001	0.0145457367232077	0.0216007491187605	0.00173369800947285	0.150419062918216	0.00144333920729846	0.0229940544199802	0.017399754115781	NA	0.0111740073857921	0.000236039584695416	NA	NA
SRR16554732	0.0212051681522241	NA	0.0660241744397609	0.116097254182577	0.0139027236981127	0.0766598760384709	NA	0.0606613477099018	0.169283381049601	0.11367371510771	NA	0.296660008754331	0.0515646585528122	0.00593227607946534	NA	NA	NA	NA	NA
SRR16554733	0.0133720618074977	0.00133345311942656	0.320222993507629	0.219302536612283	0.0603928168745292	0.0653199591097058	NA	NA	0.0797020515849242	NA	0.0694148360746806	NA	0.0990093725530014	0.0112827867915632	NA	NA	3.6999018143872e-05	NA	NA
SRR16554734	NA	NA	0.00015071301055101	0.399866288003281	0.0260203447908197	0.0741578849468602	NA	NA	0.142176596321308	0.00256370891772792	0.000242069033154053	0.00011785903985553	NA	0.0671676836130867	0.107920530519568	0.129261077558943	0.0285895497259503	4.06705287791623e-05	NA
SRR16554735	NA	NA	0.0417262603545887	0.0823549764318681	0.00297345509074259	0.0323348409438833	NA	0.706328713205866	0.037938368083365	0.0174600903237412	0.00110490079030307	0.00620415082939938	0.0364217398722767	0.000189489536309494	NA	0.00902228857322329	0.0100667947649155	NA	NA
SRR16554736	0.0134701998843895	0.002231646840488	0.115130365998357	0.161859137789406	0.103508473029298	0.237252243755514	0.0143956919894125	0.00512166479053211	0.127366941495026	0.00324901883233442	0.0508404879978095	0.00398454470777937	0.0283195716328455	0.0335875140710092	NA	NA	0.000875962152788342	NA	0.00150111046883081
SRR16554737	0.0118653225946331	0.000448006934501847	0.311593159205264	0.419324939945554	0.00766255428282993	0.0467475091758539	0.0077295192987687	3.37020653986932e-05	0.0206690266162885	0.111469855752965	0.0033370533680439	NA	0.0225800544809805	0.00299553178675616	NA	0.0209709180815862	NA	0.000301781686583087	NA
SRR16554738	NA	NA	0.252276282468868	0.455843571826233	0.00440919009359131	0.176734342103446	0.00574138373098886	NA	0.0381945335901643	5.26031063674748e-05	NA	NA	0.0261609739493671	0.0198317134201022	NA	NA	0.00155378850196509	NA	NA
SRR16554739	NA	NA	NA	0.768829424987761	0.000694789945240458	0.0392485444043261	NA	4.34914880714661e-05	0.0996345963297265	0.00970128649969443	NA	NA	NA	0.0324505563527802	NA	NA	0.012360388296301	NA	NA
SRR16554740	0.0053746411843827	3.12857531074517e-05	0.169015572083974	0.153307383666097	0.114319283670435	0.23921155334906	0.00662538621919666	0.00387760648003307	0.0948807830116077	9.45423488064599e-05	0.0554525130224093	0.0319072434511154	0.012331268169144	0.0635718510432771	0.00225794075802868	0.00773226246234862	NA	NA	0.000157456399763416
SRR16554742	0.02280118337823	0.000118694119994175	0.11514445750509	0.257243426722854	0.0115772913894499	0.0705248050856889	0.00344889053729909	0.00116247261100986	0.0534439055988961	NA	0.0620997762519252	NA	0.0264537641865498	0.016695841166233	0.301642003294889	0.0191784370774674	NA	NA	NA
SRR16554743	0.0643115717073357	0.00425426722310692	0.004805089674096	0.00795656355123001	0.0868902677554107	0.139619781775543	0.000146857275830551	0.000567187777914475	0.266311098835521	0.0181754182166474	0.000708733500269238	0.356153728990473	0.00501970514561767	0.000495553583741019	NA	NA	0.000578385106863431	NA	NA
SRR16554744	0.0341632331652279	0.0107564645726099	4.28239910916393e-05	0.284866159256964	0.0576124618056705	0.185835497885914	NA	3.25122651913862e-05	0.154055122604601	0.0570967541962355	0.123786082396998	0.0187345862444245	NA	0.0134339951884274	NA	NA	3.10564921231152e-05	0.00161384576060079	NA
SRR16554745	0.0107563010756301	0.00516070051607005	0.160767316076732	0.340450234045023	0.0275315027531503	0.0628457062845706	NA	0.00273510027351003	0.0942807094280709	5.51000055100006e-05	0.0434007043400704	0.0460353046035305	0.0501690050169005	0.0245887024588702	0.0424409042440904	0.0109489010948901	NA	NA	NA
SRR16554746	NA	0.000272974064136458	0.110859635380594	0.557350433628236	0.00703545976226732	0.0611275812994403	0.0164755560660383	NA	0.0580356416628175	0.000292322564393534	0.0488416533527623	NA	0.0262444536353244	0.0329968337473337	NA	0.00792462810210684	0.0381557354623749	NA	NA
SRR16554747	0.0225184107420643	NA	0.36594005698251	0.289389464413075	0.00822048524987879	0.0194066256207893	0.0030759838562034	0.0140147913043641	0.045981811085382	0.0277476183968896	0.0289174773820243	NA	0.0770824636511862	0.0325978708309076	NA	0.0179290629521957	0.0199325298250278	NA	NA
SRR16554748	0.030910644901931	0.00162096785324849	1.55281646399536e-05	0.54240267291474	0.00822561388010877	0.0217425576957584	0.0141598529655344	0.00155421831219202	0.0465549472732543	0.0297472187331778	0.0277416053016605	5.28388935665089e-05	0.142095646592776	0.0390510695454734	NA	0.0206013454291985	0.00040297743930213	8.42187262764151e-05	9.94233874863697e-05
SRR16554749	0.0133725582594624	0.000692956406540353	0.142977967653884	0.102353051008704	0.0543081105351602	0.280183669568155	0.0101968507437473	0.181156364751803	0.0459720728009887	0.000129144401667986	0.057442251780459	0.0391854344675516	0.0407057152510425	0.00821289487956896	NA	0.00501551511056183	0.00084810751215869	NA	NA
SRR16554750	0.0153401265586692	0.00300316228886366	0.0444110362831323	0.117690555967685	0.0439391772766385	0.116307453759387	0.00373341254300612	0.481440483034672	0.0255780272829549	NA	0.0122564267380708	NA	0.0103436603593728	0.0171103285162724	0.00329889956937318	0.0143958672988286	0.000718234574004628	NA	NA
SRR16554751	0.0255297449428464	0.00299040493631036	0.0918346249319503	0.459256870313464	0.00263517611946159	0.107972995247664	0.0032724202146261	0.122066601415271	0.039927862168765	NA	0.0441732248682258	0.00216296924663269	0.0346014749869422	0.0267006502916476	NA	0.0161823393402519	1.90191594513157e-05	NA	NA
SRR16554752	0.018452115479327	0.000336643274812149	0.145795028028119	0.311344647927067	0.0167791638970932	0.145462050750388	NA	NA	0.059108756307348	0.000287414171152625	0.0845449104543553	0.0588709902109498	0.00811892662119294	0.0201069465617032	0.0864342606071436	0.0192466941609465	0.00572785858217249	NA	NA
SRR16554753	0.000766352123202294	8.4303950380865e-05	0.18450597728572	0.251150128120094	0.0035370097993952	0.147263142156389	0.00613186035134089	0.0314739617128601	0.0464469901872497	0.0467700162149467	0.111390454893891	0.0693856986069085	0.0121946498918499	0.0504753209053869	NA	0.00855570326136301	0.000257815670038512	0.000732651410364399	NA
SRR16554754	0.00850637022658681	0.000544864018116729	0.0436990520217435	0.288504433405272	0.0760553547788406	0.119945002788171	0.00291587384695281	NA	0.0736135764789014	NA	0.252330677121245	0.0027228302280341	NA	0.0255364569365872	NA	0.0176746651001826	0.00080463219550402	NA	NA
SRR16554755	0.00909121368819594	0.00137869757133302	0.317541092148238	0.339586377190943	0.00402451985596384	0.0402692279011566	NA	NA	0.100484050214329	NA	0.050919528442787	NA	0.0446589260599111	0.0385993578863566	NA	0.0251104362589	0.00106439829682735	NA	NA
SRR16554756	0.000682654736841212	0.0015096458255297	0.03645632939825	0.117775599711709	0.140926259713805	0.397683661379495	0.00276752493593417	0.0203473956461963	0.0802364825453763	0.000207861314930678	0.0931803035708453	0.0246977420746511	0.00693503824860298	0.0227849937705237	NA	0.00086495759417072	0.00867386177901288	0.00036492386973289	NA
SRR16554757	9.30134063473522e-05	0.000185349530609651	0.0333818794081187	0.0459558470778326	0.0681790526133042	0.230713207384452	0.00222374284592578	NA	0.0866703209797833	0.00974778240913301	0.223510425290255	0.0761526946006395	0.00708606381487262	0.016591492117904	0.000326675725690822	0.00259624799270522	0.0151571215421081	0.0012714842343405	NA
SRR16554758	0.0126167881544111	0.00439112729202164	0.255339001642787	0.220383898100977	0.0178757192931138	0.0777524145889731	0.00216962024952348	0.0567097201664493	0.0988743221112194	NA	0.052534105609427	0.065261305319038	0.0278343326611652	0.0495188080773908	NA	0.0328632581653383	NA	NA	NA
SRR16554759	0.0025047	0.0019474	0.2576677	0.3512586	0.0280734	0.1106297	NA	2.87e-05	0.0320327	0.0001547	0.1584649	1.96e-05	2.6e-05	0.0090622	NA	0.0081962	0.0046792	NA	NA
SRR16554760	NA	0.000286659969870465	0.0575985454123217	0.168230697170352	0.255117243322909	0.305283645202044	NA	NA	0.0453636378480666	NA	0.0304353965795539	0.0294481130335338	0.01747688426013	0.00631423012747902	NA	0.00268002881114128	0.00273854010245977	NA	NA
SRR16554761	0.0109570629302058	NA	0.313752100158941	0.411572644068381	0.00548867359042551	0.0273206431391784	NA	NA	0.0495081476942158	0.000243003284111917	NA	NA	0.0903833590861772	0.0156637225962577	NA	0.0343961771016905	NA	NA	NA
SRR16554762	0.0060214553583894	0.000970000165536145	0.128755158819438	0.208729522580223	0.0162514850101815	0.250890121167253	0.0238308541259051	0.071986672153999	0.0923895746376971	NA	0.036622946037403	0.00166868763048335	0.0169387202889949	0.0464912948289319	0.0314312536198018	0.0222679430509852	NA	NA	NA
SRR16554763	0.00981711476187321	0.00249440190932423	0.064500666541338	0.0400366609006445	0.0891457901952378	0.350710744502105	0.00288751928957558	0.108779343484959	0.102619753156548	NA	0.0760580695682516	NA	0.00851942166662835	0.026375944642581	0.00491633407223171	0.00222233041966633	NA	NA	NA
SRR16554764	0.0125178097266913	NA	0.110255923639044	0.131316814413911	0.0492835674233786	0.0813907557663689	0.0056695481917184	NA	0.0716490486172012	NA	0.0926092580506467	0.201681185369894	0.0363923934890972	0.0690356007597733	0.0147497657203095	0.0163157618824302	NA	NA	NA
SRR16554765	0.0108408890561238	1.06413634906737e-05	0.223669755074121	0.289666108066026	0.0253945498341437	0.170586909505419	0.00418067247458098	0.0611792205669463	0.0736412149372394	NA	0.0279018678998162	NA	0.0401236866961248	0.0109554965409184	NA	0.0091265653977763	0.000121737198333307	NA	NA
SRR16554766	0.0167534407217033	0.0888211954894035	0.039350770696601	0.0633708987066567	0.0887388889202828	0.125380053654055	0.00128582516266604	0.00213616258274574	0.262018540353191	0.000146063448782833	0.0353119750652863	0.00070488819942464	0.00690674960548127	0.026956875534532	NA	0.00473250487881402	0.000545680268707607	0.0251909696672038	NA
SRR16554767	0.0119029472949991	0.00537570864392757	0.356595155515938	0.0762617020496163	0.011381154802127	0.111131903110319	0.00465281469263325	0.208217445755298	0.0612024982227499	0.000193648943460447	0.0243670456775122	0.00456874100822047	0.0358283150154785	0.020243941774898	NA	0.0213435370684019	0.000114116635352519	NA	NA
SRR16554768	0.00312213468844692	0.000303593978067602	0.261477114159529	0.40869277283556	0.0211712828282155	0.0635626813411403	0.0101975458376108	NA	0.0594819150738725	0.0289996157826481	0.0519407892329123	NA	0.00631014457256666	0.0024638197147746	NA	0.00790065365017955	0.0223982220033423	NA	NA
SRR16554769	NA	0.0217976400611384	0.0235563684207705	0.0506363393030284	0.144113209279129	0.275435036824111	0.00390960737729666	0.211122459667259	0.0665387742068691	2.81135016595465e-05	0.004465208626373	NA	0.0101485818176778	0.010549624187863	0.00606192476016241	0.0100998081613103	0.00222279727772387	0.000734612336387593	NA
SRR16554770	0.0116555176442816	NA	0.234049378256362	0.473507624793597	0.0208729578251823	0.0191998600241241	0.0179325608305153	NA	0.0746327507200307	9.94986970188691e-05	0.0278730864855202	0.0168775049875134	0.0410876224134318	0.0276771695464985	NA	NA	NA	0.00187743465045718	NA
SRR16554771	0.014030490496701	0.000526150051730809	0.31681913903571	0.249812614306338	0.00710883156550893	0.0550706206503935	0.0487565004406067	0.0492138323240002	0.0699358776596198	NA	0.0255759633265211	0.0098637954221217	0.0218880125994774	0.048980745400901	NA	0.014465983797263	0.00771115033296914	NA	NA
SRR16554772	0.00548042716388152	NA	0.129665262424691	0.340808474036396	0.00197715535031066	0.0457147071108186	0.0101706325451153	0.190039404707165	0.0263672355106727	NA	0.07363367338381	0.00297910823404694	0.0389005805770075	0.0226047222025984	NA	0.0350126811437032	NA	NA	NA
SRR16554773	0.028049712180523	0.0010430698960026	0.383567804816425	0.217025105234049	0.00727302541640863	0.0661383200496337	0.00755618974890684	NA	0.0664642368664538	0.0906420708713716	0.0555987553470373	4.87627805263228e-05	0.007132066960143	0.0212941392467693	NA	0.0178895899515105	NA	NA	NA
SRR16554774	0.0180901231364215	1.66435415205961e-05	0.275277027060289	0.384454557154039	0.00909803960178334	0.0975752235333113	0.00406301666768638	NA	0.0319776348308536	0.0976933692364998	0.0113956687878978	NA	0.0136242624391134	0.00205993128327097	NA	0.0214836474860399	0.00010747977165061	NA	NA
SRR16554775	0.0106598631353209	NA	NA	0.463636379329095	0.0274580950457472	0.172034286943998	0.0243517398086564	NA	0.114654233420276	0.0429768671878641	NA	0.000951942004268318	NA	0.0816873724409798	NA	0.0178143885711721	0.0025302646092659	NA	NA
SRR16554776	0.0140147889978499	0.00182742881165459	0.16771244946153	0.169544105714209	0.0383798801990185	0.20496184147331	0.00981071632813867	NA	0.166868487832603	4.21569813252793e-05	0.0664992913164839	NA	0.0582594216156105	0.0442820924423923	NA	0.0294684345198743	4.56798488454976e-05	NA	NA
SRR16554777	0.0286023919861098	0.00147013894022104	0.0335673830093373	0.107811643216201	0.226410994953986	0.14866166124703	0.00871226224765721	0.0100444120572335	0.0186281586827635	0.0573447675257103	0.067337823194664	0.0540730414985794	0.0486917147062882	0.00623182348460324	0.0135494855573246	0.00132479537533231	8.31425023848934e-05	0.0026871108304515	NA
SRR16554778	0.00709002159957102	0.15844362812655	0.00010069985616991	0.00903871259540646	0.0886136808976601	0.113462114302324	NA	0.000289414205601856	0.425256119043204	3.83693075608522e-05	0.00235571887481771	NA	NA	0.0117687279807157	NA	8.95805874481936e-05	NA	NA	NA
SRR16554779	0.0204620002785548	0.00710727626699637	0.070508367390727	0.305266810946888	0.0265303423783505	0.159429766483882	NA	4.61424711940445e-06	0.0758234943620579	0.00567491681908861	0.161699126073738	0.0238805502562546	0.0269757386529288	0.00929855793849039	0.00275555552317487	NA	2.54997867124983e-06	0.0037199331711304	NA
SRR16554780	0.0187927581066947	0.00106548211239741	0.0683161719341045	0.227809025170233	0.045308319756387	0.156521304657401	0.219554350021133	0.0164957868766825	0.029404686359209	0.0147241953587131	0.0695441832513307	0.000131808634729176	0.0342962126058208	0.0106251438939911	0.0360114637574944	0.0137637428180524	0.0020967658543066	NA	NA
SRR16554781	0.0129274741892954	0.00018225347888359	0.267012730938496	0.3867256335844	0.00982305888401879	0.106044926672729	0.00955945887793333	NA	0.0363831139926687	1.03494309417144e-05	0.0326278229754676	NA	0.0693138648118003	0.0139734911745745	NA	0.013871135302561	0.00574031187182188	NA	NA
SRR16554782	0.000892605872649725	0.00036216298736764	0.152745878550145	0.324976104573208	0.0561312260242312	0.175231111298561	0.0154639027401683	NA	0.0539395503335905	0.00500908913299626	0.0804705122943657	0.00235581233349294	0.0276293495015186	0.0140734688361883	0.0105600947806779	0.0190181781597552	0.00398347414911618	NA	NA
SRR16554783	0.021020011662778	NA	0.238423538335229	0.342624055340034	NA	0.00214914022410222	NA	NA	0.0595470424488958	0.25904328188917	0.0148603483628653	NA	0.0216908283382415	0.0150338523349409	NA	NA	0.000894640066935719	NA	NA
SRR16554784	0.0232741927994019	0.0018857387292406	0.13891616828701	0.372646911331951	0.00596605965125996	0.105220044211052	0.0230047840024491	0.00807587573829435	0.0971340948196116	0.00445169474472257	0.0615243451941181	5.47908451623001e-05	0.0560070545055888	0.0347100004103171	NA	0.0224302172248167	NA	0.00147517593880919	NA
SRR16554785	0.00272277258454811	0.00531170345244584	0.0260380492880192	0.152290642626476	0.0680685696690832	0.184939578783481	0.115426809811914	0.0105943540647282	0.106060869424866	NA	0.0973277594921464	0.151936297302431	0.0313522358891969	0.0137784956836667	NA	0.00491266145122661	0.00390636542761684	NA	NA
SRR16554786	0.0060136445938955	0.176502521986549	0.000181874030005173	0.00687823331608898	0.082520531557165	0.10409337816865	NA	0.000742046042421107	0.420336749870667	0.00012836264873254	0.00176733057423694	NA	8.97245214692188e-05	0.0133615170719089	NA	7.33962752198655e-05	2.86148473874806e-05	NA	NA
SRR16554787	0.0136691624068008	0.000559826937126447	0.204853233569358	0.430929574143215	0.00119206603376397	0.0644142255546886	0.00731920669088354	NA	0.0230329734565682	0.097191119206494	0.0205139710073527	0.000192515711086859	0.0175252739766559	0.0906202079585339	NA	0.0167675715160317	0.00132277982623488	0.000461490786974693	NA
SRR16554788	0.0279228730759325	NA	0.184752324374775	0.257388879036795	0.00590142231817178	0.0241240441602525	0.0219409221843763	0.0189604908462395	0.0435402808403949	0.000970167168358586	0.109308086915352	0.135069472557512	0.0489755771150688	0.0104625956795819	0.0439937321016504	0.0150190706303333	NA	NA	NA
SRR16554789	0.0127492770998714	0.000986979029666363	NA	0.397894567796634	0.00359073469542208	0.232076668484877	NA	2.93036438965817e-05	0.121510559002772	NA	0.0859909661711351	NA	0.0648984571054645	0.0356940302708949	NA	0.014889366053736	NA	NA	NA
SRR16554790	0.0195936731742703	0.000168971062332686	0.341263990143918	0.321220853943843	0.0127411573482822	0.0507275418712933	0.00526545512302836	0.000218606311892912	0.0408023928836992	0.00302775022317381	0.045577303891393	0.044442663207829	0.0391292625458638	0.0143640187950737	NA	0.0148783244660488	0.00480532579891366	NA	NA
