feature	Bacilli_unclassified	Tannerellaceae	Enterobacteriaceae	Rikenellaceae	Bacteroidales_unclassified	Bacteroidaceae	Lachnospiraceae	Akkermansiaceae	Clostridia_unclassified	Coriobacteriaceae	Clostridiaceae	Bifidobacteriaceae	Erysipelotrichaceae	Ruminococcaceae	Veillonellaceae	Odoribacteraceae	Acidaminococcaceae	Pseudomonadaceae	Prevotellaceae	FGB1062
SGP027388	0.0237551028924831	0.00264985256982339	0.000260822957288937	0.036655949741155	0.110703261286787	0.0544815687283707	0.31610307897154	0.00248803366007205	0.0961537959955851	0.00269473585372353	0.0212714162816992	NA	0.00645949788972492	0.248937037772815	0.00018007651676157	0.00612140613133914	0.0065201392272946	NA	0.00579374729124491	NA
SGP027389	NA	NA	0.102000096999272	0.131357416200557	0.0694378379235441	0.228108243725593	0.101311891830889	0.0304936796580403	0.0478402272767548	NA	0.010823812948097	0.0126503605295041	0.00916235066542433	0.171117324349708	0.0150521417718969	0.0139815356290449	0.00107596908334756	NA	NA	NA
SGP027392	NA	0.0109160385762898	0.037326620974349	0.271220897229106	0.093026585891977	0.0892282798693667	0.108444828111719	0.0480693955910766	0.0797648355986863	0.00293617974448169	0.0131806414857743	0.000835021821644494	0.00213511520416815	0.175722998591591	8.08019646128307e-06	NA	0.0119825222282113	NA	NA	NA
SGP027394	NA	0.00570963196425058	0.164234308077272	0.0342543622552762	0.0516712315142962	0.0304979549282564	0.127795656585705	NA	0.0174623105345309	0.00359982783758259	0.145145971523753	9.04538597433597e-05	0.00359554092479855	0.189899840569714	0.0263027820777895	0.00298004742182922	0.000544652269212978	NA	0.126854464883968	NA
SGP027396	0.000252617040039857	0.022784384051065	0.00766907413122323	0.15634318041619	0.10108841696779	0.136561314393784	0.178603035575729	0.0181362305143316	0.093161483853533	0.00345444043318079	0.0286490029545598	0.00467146345345227	0.00300508323480525	0.130389651467672	0.011226122810248	0.00883456996716871	NA	NA	NA	NA
SGP027400	NA	NA	0.00113896125491935	0.00587617094396098	0.249312011529294	0.351252147885372	0.176173826284574	2.76037913641151e-05	0.0161125214788537	NA	0.026813812981542	0.00440197328307743	0.0103888919682944	0.128484230364171	4.1017681946677e-05	NA	0.0131644587328862	NA	NA	NA
SGP027404	NA	0.0538604519233765	0.0135451305583879	NA	0.452333805720867	0.255780336573432	0.115417095987786	0.00133228326491056	0.00170822351845266	0.00211156153268445	0.0239869006471244	0.0231562650083321	0.00293338691117646	0.00996848720309691	0.00118078976462638	NA	NA	NA	NA	NA
SGP027415	0.000295118868016297	0.0705429550796582	0.00253390855565167	0.0892090814337163	0.00928539187740146	0.205930241490645	0.046848785046644	0.190723040090256	0.0866821048191309	NA	0.0206808211600115	0.000683762121237604	0.00717876362353696	0.156177882244276	0.00472315191042023	0.00367086052889119	0.0269236591012295	NA	1.00001772758699e-05	NA
SGP036366	NA	0.0269121651450872	0.0616976058936062	0.0277417235238892	0.031732433200131	0.122158403214196	0.0358304880956319	0.114118691186855	0.251091076885871	0.00229520277523326	0.00417402930148036	0.00863130852795596	0.00160595748855536	0.18139243062202	0.000152861417436012	0.00471566065221632	0.00929043783388527	0.000916712201877458	0.0063405547044242	NA
SGP036367	0.166366775786366	0.00376883382843212	NA	0.0759944028051661	0.0183127492496966	0.0283675000682178	0.22307732863221	6.9143852179334e-05	0.105012595910857	0.000869730883484336	0.0447052045688776	NA	0.00114457769589719	0.131743979576882	0.00747741372853654	0.00528888733589602	0.00874027680012624	NA	0.134615178038628	NA
SGP036368	NA	0.0958768734767005	0.000619634330833568	0.00144142272919313	0.256896561671741	0.346427408564474	0.094190841059984	NA	0.0087314881249998	0.00755035100455984	0.0130073133615565	NA	0.0142179516948665	0.0278453348295129	0.017774644045006	0.0120123278057205	0.0191309378130762	NA	0.0506590255259517	NA
SGP036369	NA	0.0225939070086811	0.00852623714358022	NA	0.109007283613503	0.403131064018215	0.108102977402353	0.0691760155819593	0.0154611945178938	NA	0.0166662028916901	0.0375191389667438	0.0146173806949871	0.128039068843967	0.0136887675423801	0.0083968934189011	NA	NA	NA	NA
SGP036372	NA	0.0221753247747824	0.00139663679422049	0.0173298687059304	0.157791253513858	0.327388115607944	0.183261211584121	NA	0.0144947300503027	0.00251190403119753	0.0217067536975987	0.00331142470454211	0.00380506943985107	0.120545071829223	0.000946899324497497	0.00147900546299417	0.0165567831563107	NA	0.0663226621281455	NA
SGP036373	0.000556522233885581	0.053801075750366	0.00116983018293001	0.105291050682418	0.210998604027096	0.110958065027312	0.111500918683967	NA	0.0187409529020834	NA	0.0217739324007734	0.00728401814386944	0.0131743970434979	0.164883380365833	0.000104681298785986	0.00442117353736778	0.0203596236007211	NA	0.0769186404055145	NA
SGP036375	NA	0.0278100180618464	0.000246537375571468	NA	0.164690192403445	0.254669668408843	0.0886805584152195	0.000385879913181858	0.00427349370555567	0.00158717171312081	0.00241967886490881	0.00167307810783586	0.000197939515232042	0.0679226059720964	0.141952844808001	NA	0.114440434882039	NA	0.011053217775076	NA
SGP036378	NA	0.0105397994233789	0.000275007717110369	0.0906258954113653	0.177387809326342	0.294388041259213	0.130115907137793	NA	0.0524324924862365	0.00370768134146482	0.042583345071695	0.00817795527846433	0.00612971838784614	0.0835277202296594	0.000546547070009827	0.00318015433325677	0.00919273151694727	NA	NA	NA
SGP036379	NA	NA	0.0023368335972754	0.44004786542377	0.0142449386926833	0.101032581262765	0.169418509218027	NA	0.0512639187226156	NA	0.00587234270174682	0.000156053339643464	0.0170625117719976	0.099347159863217	NA	NA	0.00305363633746778	NA	0.000270288464088353	NA
SGP036380	NA	0.0420239852190041	0.00111568690575077	0.365914507652055	0.0865236188624757	0.0794764347560788	0.0816787836475816	NA	0.0744820436556953	0.00183865113442017	0.00746029069675982	2.10486061059126e-06	0.000978427837512737	0.16082719249482	0.00192993561563739	0.0353556760225136	0.0105229736673075	NA	NA	NA
SGP036382	0.094235845118661	0.00863253835602359	0.000397325973233321	0.0669591873880009	0.0286600640889091	0.0694015937824227	0.0890587795547078	0.00321259867837439	0.289642366432156	0.00497312020890619	0.0163794761613029	0.000875150647980097	0.00819559461956325	0.227980475906945	NA	0.00905018996430382	0.00732032913748684	8.47475630769337e-05	0.00600387105738662	NA
SGP036384	0.000291231443218977	0.00516399696824148	0.00145961602183383	0.01715752116155	0.0969640447919955	0.138541656818678	0.148248449244447	0.0020949986360776	0.045992777552443	NA	0.0805636562067001	NA	0.00316434607703406	0.148038615029618	8.79689592937764e-05	0.00768684987422629	0.0117670877109324	NA	0.242305021932287	NA
SGP036386	NA	0.0359178083288948	0.00675942352453812	0.131817769216702	0.19331123650151	0.274064566711207	0.0820669703979877	NA	0.0377938809663337	NA	0.0401700913196294	0.00265909518679743	0.00251303628534726	0.103721843336755	0.02220985226804	0.0126625169475047	NA	NA	1.05678565405688e-05	NA
SGP036388	0.0230597022406144	0.0274646367630935	NA	0.0879600035294114	0.14236823723637	0.237626433396515	0.179597468649761	NA	0.0495604704163395	0.00248876377079051	0.0541132348410184	NA	0.00489061413410287	0.0982639239629958	NA	0.00524047089221515	NA	NA	NA	NA
SGP036390	NA	0.0280098442840931	0.0367785878408332	0.0824233568216478	0.103727791552151	0.276669598313297	0.188612964821199	NA	0.0232218785816964	0.000753197842912939	0.0420119977079273	0.0103028264246892	0.0148682297784802	0.0858304775602311	NA	NA	0.0253290861195956	NA	NA	NA
SGP036391	NA	0.031515163970293	0.00338433132988185	0.019418023858999	0.0567916035609081	0.269041005677382	0.0660866517206369	NA	0.0511792223554059	0.022372747271626	0.0135158506964128	0.039857131410608	0.00172928443553953	0.149908224849926	0.0303818580536649	0.00721166335272438	0.0301379017168846	NA	0.0277302039188647	0.106430772165102
SGP048087	0.0160663070249626	0.031317886860193	0.00035361423165455	0.0423512166705857	0.0304935413633599	0.0644271551288095	0.132559734779142	0.0354729955278267	0.312488387308632	0.00300815383497746	0.0185598248517593	NA	0.00362021763626369	0.207484083964879	NA	0.0290571320652406	0.00205050991737987	NA	0.00191766412283189	NA
SGP048088	0.00707072671076068	0.004151280316248	0.000839337819221609	0.0104690183503401	0.0268491487725681	0.026802170008298	0.197007440639191	0.105697147350404	0.284005469825685	0.0510957464653914	0.00257103062351206	NA	0.016184969283255	0.17443239327095	9.80636416126542e-05	0.000834386329928359	0.00104790420969581	NA	0.00340046546414717	NA
SGP048089	NA	0.00213617451738985	0.00451658879696681	0.0457987644422919	0.0269344747194532	0.0633931459120197	0.365649893612576	NA	0.0867590191534299	NA	0.0220126279805966	4.42078586567413e-05	0.0164291638897283	0.265640751935277	0.00565779793153392	0.00400571678021815	0.0103902318869553	NA	4.50158351857157e-06	NA
SGP048090	NA	0.110722915277576	0.00231886309229575	0.106657719440164	0.15698169987211	0.131116580079542	0.276074265051602	0.0247053591429443	0.0138394593751378	0.01171356062097	0.0169503648331434	NA	0.00833893357748423	0.0671142912745673	NA	0.00768665048793978	0.0120319133834755	0.000656342032415815	0.0136370607373629	NA
SGP048091	NA	0.022396057105479	NA	0.0323821098120033	0.117398755051081	0.220541319034167	0.165470615625703	0.0271811338614042	0.0110599953948954	0.00477962305549675	0.0577382173620298	0.0254793611797096	0.00240748151713656	0.257195421465787	0.0151194027718105	NA	NA	NA	NA	NA
SGP048092	NA	0.00286437460886785	0.00126274687985923	0.0075012508774491	0.100841192865176	0.0911193836519979	0.271565465529969	0.00903877221232084	0.0946795247961583	0.0124951275126639	0.0340995557392482	0.0140069604176847	0.118110698554418	0.163903191775941	0.000518814538596235	0.000839002467809473	0.00846319083097369	0.00114886915288618	NA	NA
SGP048093	NA	0.0126255001887589	0.000160856347166905	0.0331330725541053	0.0591405535414854	0.034280744239075	0.13396743564968	0.00043465675011928	0.0919371284018283	0.00653886053676885	0.0431009413042193	0.000660433696280983	0.00905886919877754	0.129262026207468	0.0115470845537443	0.00682978041274382	0.037079666912861	NA	0.289680937489022	0.00141947111055578
SGP048094	NA	0.0402365694890025	0.0779195944362152	0.0518468323776214	0.0831936270961508	0.287604363198831	0.0909929306493155	NA	0.0856826467138395	NA	0.0215081516096388	0.00993296681612203	0.00181127327853955	0.175520229267614	0.009517426304911	0.00519613347883899	0.00345654152507356	NA	NA	NA
SGP048095	0.013237736925337	0.00537681779103443	0.000105274808062538	0.0943223867539563	0.0594507367916128	0.0698003187774006	0.168871475664714	NA	0.161779170664989	0.00186553682109453	0.00747391117399057	NA	0.00668176926018819	0.288823176495076	0.000265167675040075	0.00400728496870205	0.00298046546110006	9.12301643415379e-06	NA	NA
SGP048096	NA	0.0238144540391529	4.17918337645339e-05	0.0824040485616662	0.136472344643026	0.320512021098652	0.100155685695622	0.00569858329017993	0.0393250040874859	0.0112242195236109	0.00854476277743637	0.00961956871494446	0.0036658996309092	0.159294353778765	0.000157719713063494	0.00483095814558963	0.00724677066386661	2.67867870671614e-05	0.0113256980986827	NA
SGP048097	NA	0.0177224935561931	0.0279310817712883	0.021695355599876	0.0114882791283287	0.128246604246056	0.104450033096386	0.0792504559526522	0.121090766162428	0.0110954417692583	0.00965518209490942	0.032388241658685	0.010106869470663	0.168473992071985	5.07513905341098e-06	0.0142570374361693	0.00778213183915481	0.180166032634224	0.00386045311273396	NA
SGP048098	NA	0.0136925267240311	0.000469738328774917	0.00665737593958813	0.231820769969564	0.390533134053108	0.201624309214897	0.000474308635248522	0.00575602232628154	NA	0.0688020624789877	0.00510246850055602	0.00193480023078933	0.0214903613351181	0.0190338773410002	0.00191428958710291	0.00579169301095358	NA	NA	NA
SGP048100	0.000572049059173052	0.00522109956051935	0.0104697264714698	0.064597712583508	0.014771199869948	0.006628184297147	0.166500183299074	0.00142858678717897	0.151034774368469	0.00162092381079188	0.0447191849919468	NA	0.00650732387014699	0.230125459739242	2.5400774002934e-05	0.0023381707827538	0.00933921481363688	NA	0.208550160444284	NA
SGP048099	NA	0.0357258224598404	0.00261602000938612	0.0821899947572043	0.0643932907034011	0.363687969164187	0.0992586588887974	NA	0.0363577783214043	0.0103494723084901	0.0116592749262549	0.00347575723860146	0.00568855881438006	0.145240379254782	0.000143289538202556	0.00227100174684168	0.0366569056893117	NA	0.00410998374338959	NA
SGP048110	NA	0.0250062944932307	0.000328438279424088	0.0832025279878301	0.0611210785077656	0.152466970837389	0.393680558312943	NA	0.0773744125235283	0.00440889946093432	0.0303391130972969	0.00312326212886302	0.00894541016111378	0.0862245732884429	0.00313152472708753	0.00300001170534748	8.58392148879167e-05	NA	NA	NA
SGP048111	NA	0.00413957290905902	NA	0.0224946841149978	0.415011193648989	0.138789641077562	0.152738341092434	NA	0.00419131350276552	0.00178076588444362	0.0105536709951235	0.0321881812986065	0.00322906862484024	0.124420074178873	0.000144808579870393	0.00466674122229505	0.00670219665395641	NA	0.0125855468888555	NA
SGP048102	0.000240910154829906	0.0049927540201493	0.000245392204222091	0.0628450555525122	0.0146963909542283	0.0828935114864966	0.150712272349241	0.00498478593234097	0.0953813726027261	0.0280277488657925	0.0368773063879164	0.00673751624742905	0.0127372373643558	0.312349291089188	1.36951509205631e-06	0.00164852266671979	0.0119198858571421	NA	2.15387373568857e-05	NA
SGP048101	NA	0.00321030692987574	NA	0.046245857406674	0.0879814706774421	0.138625804518754	0.251283357557398	0.00182434105751724	0.0276070859795071	0.00366885595323009	0.0471518250598954	0.00518467641627301	0.0734872635834858	0.238733375134144	NA	0.00373795714613001	0.00568113834244325	NA	NA	NA
SGP048103	NA	0.00939951183500424	0.0861147497029224	0.0250917789013152	0.174712345054114	0.195421816065078	0.201874655115889	0.0187469777646668	0.00960129636964879	0.00297674849178859	0.00461715437306121	0.00289963949678435	0.00154537944344583	0.198447090964511	0.0156832016934543	NA	NA	NA	0.00520704351741586	NA
SGP048106	NA	0.0179660627645208	0.00295559868893981	0.0477998323569219	0.0869687000198284	0.198202883817877	0.196395268214439	0.0263296746442568	0.133224561182712	NA	0.0226949743117635	NA	0.0331866311540544	0.171282298033607	4.06765660217171e-05	0.00680179398721551	NA	NA	NA	NA
SGP048105	0.0483159838824	NA	0.0447221818118562	0.0975223461380776	0.0483445789325253	0.105798587666645	0.101566996832264	0.0223577548167468	0.0968032997734676	NA	0.0192887910620452	0.00934736444784567	0.0201359194220083	0.247770390326009	0.00778118972327259	0.00310458842131613	NA	NA	NA	NA
SGP048104	NA	0.0365216628877202	0.017016485092895	0.0853494804716617	0.0112605043605592	0.135352930916887	0.0692251481682626	0.00680860285800851	0.142233378661785	0.016343057444241	0.0078862761613466	0.0126425731057174	0.0880561893188396	0.243609822708562	6.865440671485e-05	0.00497868522911665	0.0113677990271635	NA	NA	NA
SGP048107	NA	0.0645498605618422	0.00190710503761132	NA	0.164555407633641	0.113665700823577	0.201614415425645	NA	0.0257192703098964	0.00894742681128209	0.00912580323774967	0.0551277784303745	0.00346963902702185	0.271088770551357	0.0109493759000396	0.016796968470879	NA	NA	NA	NA
SGP048108	NA	0.00798233333191055	0.00379060793997004	0.000240947913420948	0.0706663522321295	0.0443956667790663	0.185180209404865	NA	0.154906992824917	0.00692517169406231	0.0242585889714576	0.0762423009778772	0.0101634561619921	0.325873729634673	0.0112695970258192	0.00186868018592898	0.00612528437829463	NA	0.0119753673975491	NA
SGP048109	NA	0.0113222619642373	2.3427438931995e-05	0.0492715970692851	0.126929056290827	0.221874118946532	0.190628031934715	NA	0.0606991093995617	0.0261832212682369	0.0122152743901278	NA	0.0041674297895235	0.181177195338563	0.0199099763152055	NA	0.0388829704792342	NA	NA	NA
SGP027662	0.0130582701281703	0.0168522488596772	0.00844539321728567	0.41669233309614	0.0165482976456172	0.0645840192465348	0.0988175235713914	NA	0.106964427593106	0.00364852720211643	0.0048170957132764	0.00235595064155959	0.00286958267650032	0.098946589045315	NA	0.0574513311394226	0.0055847116079525	7.0803943375052e-07	NA	NA
SGP027660	NA	0.0310902740622917	0.0179397826535186	NA	0.0365564917027601	0.0171926479578263	0.253643514808361	0.00617274004086222	0.0748887436857746	NA	0.0192286886569366	NA	0.00906196778573545	0.188038873365602	0.0129288502182377	0.00862674209482494	0.111497521663453	NA	NA	NA
SGP027681	NA	0.0230321811532066	NA	0.0684928047517696	0.169763159100891	0.191891456524361	0.175214273286381	0.000390032782333228	0.0799471531166801	NA	0.0187320307914528	NA	0.00226855347899007	0.220652647439289	0.00158938915036932	NA	0.00480332157524295	NA	NA	NA
SGP027680	NA	0.012969893702868	0.00805417923616271	0.101598052341607	0.0284370224019522	0.247613992916568	0.194410982857547	NA	0.040433429323764	0.00446555244718529	0.0228797357466766	NA	0.0250095590946082	0.19945396168829	6.59720201020626e-05	0.00793216524050682	0.0094952912185306	NA	1.24410902960637e-05	NA
SGP027676	NA	0.0239577553143772	0.000208613482147321	0.124875210535072	0.0507167615353178	0.162513091008429	0.196126052191404	0.00350201912115649	0.0664206196663072	0.00447801593091888	0.0183069717783081	0.0155348721006911	0.00407752814887077	0.224203696034214	0.0142318349411868	0.00560295730107902	NA	8.54039910537611e-06	1.73085421868956e-05	NA
SGP027674	NA	0.0350967008026006	0.0249113283851096	0.121447114610785	0.115865962377364	0.197804711678321	0.164178017119791	0.02680759035826	0.0428229561915537	0.00767951537850576	0.01638621380351	NA	0.0030386492707516	0.163178702530225	NA	0.00264618678866175	0.010848510030505	NA	NA	NA
SGP027701	NA	0.0116152401071485	NA	0.149808812904307	0.0638151896080296	0.123099627499814	0.121790768269595	0.0380067304853616	0.0992511363685422	0.00380647347340621	0.0238724012795914	0.00251289017127968	0.00250912653682202	0.259515547186512	8.60101168708125e-05	0.00745598125090147	0.00691313232794849	NA	NA	NA
SGP027700	NA	0.0552825440868132	0.00951569835372919	0.0352043855906744	0.00667233812758286	0.475262066637122	0.159466285008714	0.0247929312742285	0.0016602163335955	0.0188537926623249	0.00694181729630268	0.0248183638343908	0.0191956486585066	0.0262835972067419	0.000884417279644351	0.00440947608714128	0.0284050966002813	0.000135322413863628	NA	NA
SGP027691	0.000116954204925347	0.0146035246251853	0.0206088687998303	0.10469571752893	0.0453072900420874	0.187661641439244	0.271607971489467	0.00568337904634574	0.0549442917232266	0.00064058162082653	0.0118427604665022	0.00332531934513087	0.0141517068430612	0.148172916109853	0.0130761746425176	0.0108111326016357	NA	NA	0.0071112621442307	NA
SGP027715	NA	0.00546295733880042	0.00276461556688451	0.124951241851841	0.00474056094573066	0.0993586115940652	0.204638323693964	0.00432704133211531	0.218671048034068	0.00119292830943487	0.00831754168723941	0.024641462978989	0.0121916118544695	0.160029324049389	0.00770363706016181	0.00880010151557705	NA	NA	NA	NA
SGP027712	NA	0.106899128209819	1.22028379481479e-05	0.0559751735961688	0.19187407621547	0.198862954678552	0.208562483011868	0.000198701078093735	0.0754693692029095	0.00283786175610069	0.012628101451155	0.00684924775983433	0.00505888625237996	0.0510280567002166	NA	NA	0.0110802848466346	NA	NA	NA
SGP027711	NA	0.0242373065120141	0.00974486459466969	0.153650039226742	0.033714372627466	0.183942260530199	0.0551840237692107	0.000507802388105071	0.0191912684460265	0.014084457331419	0.0151631513704433	0.0121821837024772	0.0040068299641792	0.158904426274296	NA	0.0104012355789471	0.00689559024803235	NA	0.204338622132706	NA
SGP027710	NA	0.0618364309182155	0.0451367225683613	0.0275452137726069	0.328926664463332	0.203668501834251	0.134233467116734	0.0291062145531073	0.0169765084882542	0.00144940072470036	0.0176461088230544	0.00413050206525103	0.000936200468100234	0.0371755185877593	0.00602090301045151	0.00648400324200162	NA	NA	NA	NA
SGP027709	NA	0.0248413383327817	0.0231456403926399	0.20236868766236	0.162843737681718	0.425788084726077	0.0608757974784449	NA	0.00373422272244019	0.000538163519185573	0.00865495114827239	NA	0.00174584898587343	0.0229499744964923	NA	NA	0.0142683565996142	NA	NA	NA
SGP027706	NA	0.00535111892998144	0.0121429007796809	0.0678311925834854	0.0245590430771815	0.0341192745759864	0.0532422432818382	0.0380145770173576	0.255820521607319	0.00907305022489328	0.00642869279348764	0.00200039041320799	0.00752535776740918	0.381349703324144	8.93702606318394e-05	0.0048646535727104	0.00194323640140205	NA	0.00189252563936129	NA
SGP027705	NA	NA	1.04113641943334e-05	NA	0.296822843473424	0.0891406448798982	0.256989187966209	NA	0.042474223757233	0.00215235363441133	0.035085849534293	5.48555747873479e-06	0.0183823270115455	0.177251460305778	0.000383877073358808	NA	0.00885592877373049	NA	NA	NA
SGP027704	NA	0.0102777455355625	0.00172637863994802	0.0300822794517278	7.25175572576032e-05	0.219149045412228	0.265910033906621	NA	0.0428529394404892	8.88641775773958e-06	0.0208554350976639	0.110267498727926	0.0438245211153354	0.101100335994358	0.017566253729827	0.00213372764160836	NA	NA	0.000537244293329021	NA
SGP027352	NA	0.0100438882615506	0.00233759869580116	0.152601117419685	0.0205470262480573	0.0259241850846775	0.169861692810322	0.125269710237178	0.188308003482204	0.0120611338805326	0.00655409623041315	0.0417210119506104	0.00471522777950559	0.141308588981614	NA	0.00624199117307952	0.00693196549644499	NA	2.74933982852038e-06	NA
SGP027354	0.00414565623853867	0.0294192023805587	0.0144870659639645	0.0724619249388	0.0691085532062064	0.17256004274313	0.161686048712029	0.00609619227225401	0.137346968673564	NA	0.0203160568485443	0.0123553648890103	0.00296978828580479	0.195550613864217	1.81846967366539e-05	0.0211828986111097	0.0132174331686823	NA	0.000459845518728135	NA
SGP027348	0.00622245747696366	0.000997588144347957	0.00171271082052738	0.0526044286248565	0.0520250035008599	0.0777978375813287	0.20541425244287	0.0073898672845984	0.0609309399891556	0.00589662357327833	0.0174253232631826	0.0193291975823695	0.0159436064255131	0.284223145209049	0.00655799221490932	0.00712714586733618	NA	0.000124969570765475	0.0182592526271856	NA
SGP027349	NA	NA	0.000286233808349093	0.40423814239222	0.107470040585638	0.100331774765429	0.181851225428151	0.0303794583397446	0.0321110281088218	0.0108719211252132	0.00292676137200302	NA	0.00156559965982849	0.0478660897318171	NA	0.00218294642133286	0.0213362072531316	NA	1.70623476797689e-05	NA
SGP027351	NA	0.0100434235740563	0.0553180595727584	NA	0.179992231631768	0.143274542759682	0.113481769388281	0.111081620298855	0.0793018792312873	NA	0.0079124120550845	0.0538987803243346	0.00392068916889272	0.0872766056439369	0.00168830056074784	NA	0.00856031861238016	NA	NA	NA
SGP027357	NA	0.0143789294341615	0.1246538276266	0.127018931496087	0.0600417984254712	0.178196339727079	0.0848515591532597	0.0718668733924537	0.0231037841661912	0.0030150102829637	0.0120859262932804	0.00372735215017926	0.00508482334099445	0.228031718988021	7.33227748537544e-06	0.00445369200168509	0.0110702947664425	NA	NA	NA
SGP027359	NA	0.00711225030476184	NA	0.041537651805618	0.0512744532283513	0.11609579139539	0.168464082947144	NA	0.120323041647047	NA	0.00260850170466011	0.182059824188118	0.0471829149274885	0.0997722399434494	0.000569164120592459	0.00377432636717989	0.002466063161522	NA	0.0264474269604181	NA
SGP027367	0.038873262472757	0.0203713895873472	0.00039704287853996	0.0379822973240146	0.0498521137247896	0.0963570096189387	0.0875388940555316	0.0300228537787958	0.235492311098545	0.0127555542442118	0.0106534805373484	0.0214131334535691	0.00552653949368553	0.251851918107409	0.00972615657614755	0.00509464791310871	0.0216483621923179	NA	0.00254325827465005	NA
SGP027345	0.0300874235224317	0.00707815835167387	NA	0.104908673771413	0.0683152877160774	0.115836474433672	0.184394738703015	NA	0.0546148732260058	0.00155929504849533	0.0323132004636998	NA	0.00455455359844924	0.279829561164236	NA	0.00652718807089017	0.00802291821878413	NA	3.49662809986415e-05	NA
SGP027346	NA	0.0129603748091538	NA	0.0576781207422536	0.0872652698189687	0.140584364634468	0.154594499664337	0.00683879410706648	0.11011956389346	0.00705497786325924	0.0101698141533511	0.0080213464463662	0.00326994926819872	0.245116348896562	0.0146371585659131	0.00563539385836451	0.00286806049292842	NA	NA	NA
SGP027369	NA	0.0246862473113311	0.000667393389151404	0.0641619415560474	0.0345783327942637	0.111200798891811	0.126321231455139	0.0130439927994123	0.0592955805403081	0.0110294360325479	0.0188179711052374	0.00279251444408087	0.00294904895852684	0.361878447177617	0.000644879765462262	0.00739672729707328	0.00796887980695334	NA	0.00151536725731728	NA
SGP027370	0.00455294135922623	0.0102555333630524	0.000658910222040623	0.104722829338604	0.0454745730558324	0.0371086845285197	0.152492820126336	7.46113735977416e-05	0.202923871450017	0.0120038402497527	0.014459778350086	0.00480078292515185	0.01104954430574	0.278343848751213	8.99102356919157e-05	0.00603257669084201	0.00687024823227533	NA	0.00267588866382563	NA
SGP027375	NA	NA	NA	0.315565159158325	0.140565416640211	0.181511827246518	0.175252357713529	NA	0.0139956967137276	0.00453496338041687	0.0198588139105409	0.000274798250209692	0.00839526763006768	0.0574284203186369	0.0210450414477929	0.021404610657396	NA	NA	NA	NA
SGP027379	NA	NA	0.00272120027212003	NA	0.674437767443777	NA	0.172681717268172	NA	NA	NA	0.000265300026530003	0.0168384016838402	0.0429235042923504	0.0274857027485703	0.0131635013163501	NA	NA	NA	NA	NA
SGP027380	NA	0.078551999043051	0.00129348880159162	0.129771617259731	0.123988357966204	0.0589489277104751	0.112470067579766	NA	0.0456282140896361	0.00855542895652894	0.00757193326020838	0.0573304273727191	0.0136956455751842	0.141439351609918	0.0495925510274986	0.00388258167673166	0.00720525086649472	NA	0.0284014392733449	NA
SGP027382	0.00796293823787208	0.0135585038967582	0.00196880153172132	0.115536915290173	0.057223647045932	0.0735268296996552	0.104572144438894	0.00798745674835979	0.231938253326877	NA	0.00865712582864722	0.0119069323822475	0.00445679123813016	0.266540727511849	0.00788124860340357	0.0038840341850785	0.00417872111681699	9.52852066346857e-05	0.00640188766966432	NA
SGP027385	NA	0.0154217256090231	NA	0.0415624366246168	0.145542800694112	0.24945158786019	0.19223170361289	NA	0.0253384532231171	0.00163468341443853	0.00783227971519734	NA	0.0048742265335581	0.191042999365902	0.000443455622778707	0.00660342816661268	0.0110212372343052	NA	0.0300582847053922	NA
SGP027391	NA	0.0235283415057651	0.000104290492815469	0.117879747192622	0.0328822054685239	0.109771725718713	0.210667811303735	4.42444514974715e-05	0.108228474735741	0.0101898809327633	0.0111318814230641	0.0212456889876915	0.00321584926547438	0.238867215628946	0.0110009539645512	0.00238434703541859	0.0165557771289595	NA	NA	NA
SGP027393	NA	0.0712743092575627	0.000176332552591184	0.0730093985250531	0.0201867350206937	0.0167383387422095	0.106788492099668	NA	0.144017710703282	0.0195330368257282	0.00668104449262152	0.0851845274062853	0.00475417916793394	0.235996803886047	0.0469942387660317	0.0120089383316659	0.022451859196267	NA	0.000984120043513803	NA
SGP027395	NA	0.055476427155677	0.000956871109026045	0.344576754778061	0.231520526303544	0.117266695074276	0.0482595771303237	NA	0.0216790214269225	0.000171571759862003	3.58016613458174e-05	4.95061548580145e-05	0.0111893471253656	0.049911765371422	NA	0.00642018338312101	0.0424854171971846	NA	NA	NA
SGP027401	NA	0.00625611790881781	0.13956402447022	0.0151795433782797	0.0575983869673861	0.287662126964711	0.221104721401059	NA	0.0456909077629698	0.0138541075828925	0.00479777933719938	0.0481292002202638	0.0153564205374736	0.0854216539222592	1.48032576309977e-05	NA	0.0094952012954592	0.000165448173522915	NA	NA
SGP027410	NA	0.0434937689611906	0.0449555440627096	0.173029807296609	0.0605916467851748	0.0613786617544636	0.051683447626963	0.0783360811332747	0.135419400523356	0.00403994302423485	0.00462315334917287	NA	0.054016960441194	0.223599212403052	0.00872890479234142	0.00979280756510305	NA	NA	NA	NA
SGP027421	NA	0.00558702793592984	0.192432729339059	0.0156896206465036	0.144987523301389	0.028136180123207	0.334515381907986	NA	0.00328403684695438	NA	0.0459235748309556	NA	0.00253338050239567	0.163963551288567	0.0136481740312639	0.00173395971560397	0.00443090428465611	3.49930025283009e-05	NA	NA
SGP027422	NA	0.0716229714035332	0.131021948536254	0.0523243021675269	0.105104442240508	0.257449710595934	0.0442302935501881	0.0106252635496934	0.0517371311187699	0.00477746393933469	0.00359405219874062	0.0144751503558363	0.00133959806168771	0.0778216601922764	0.000289404065555851	0.00474907713436971	0.0449126369574999	NA	NA	NA
SGP027425	NA	0.041900969185411	0.0110683855333711	0.100038739349367	0.189590466340055	0.391111927973556	0.121562335438401	NA	0.00996743201119695	NA	0.0197540124878098	0.00124502361198994	0.0021455465535956	0.029919611606051	6.05479167725312e-05	0.0091239486024013	NA	NA	NA	NA
SGP027427	0.011810488257503	0.0117946045763285	6.29633692601633e-05	0.013681677316732	0.0723820493833932	0.0489901863989981	0.122694466536855	0.00900216200897714	0.098583152785015	0.00312748539615501	0.0202498651601166	0.00405913757324777	0.0017754298878315	0.246811265300899	0.0116601075062392	0.00335168526999973	NA	NA	0.247581338160144	NA
SGP027402	2.39896146099488e-05	0.00127567572405132	0.00292325262381749	0.00222904538238451	0.00240940253678366	0.00615737584939394	0.11479465635685	NA	0.00777089495432526	0.0281795934642843	0.00891543573841028	0.216680538381643	0.0405050348359036	0.0498729171918279	0.0377917224145535	0.00260305963296138	1.52887181192938e-05	NA	0.345690719424925	NA
SGP027420	NA	0.0124051331442767	0.00717150392200419	0.0475218865611843	0.0565615095082041	0.0562640998110621	0.197946838821067	0.00504079557783498	0.0622763034916565	0.00642005028614191	0.0108239662111326	0.0812692682813592	0.00551483537718226	0.3422235236131	0.0236539539343637	0.00747649825593575	NA	NA	0.00645774363261123	NA
SGP027414	0.00802498319343405	0.0503040821274871	0.0354980854474427	0.0510012519631795	0.0481134072200521	0.138476024737133	0.181367261493021	NA	0.150029488963389	0.00245295348968952	0.0261178031666432	NA	0.00218465084105814	0.15229731825942	NA	0.00582376616983952	0.011782147053716	NA	0.0326219412947781	NA
SGP027398	NA	0.0290710280530728	0.00248514954992707	0.272903257947448	0.0027609502413038	0.124982517179494	0.0490585112801938	NA	0.0706624263854706	0.0101703957718119	0.00510961660324523	0.00372657969751532	0.0173111263994569	0.158186958202896	0.000655162907183474	0.116408713078	0.0347158942194246	NA	0.000687212473691285	NA
SGP027416	NA	0.0369154394230941	0.00529119616335132	0.131440519083071	0.135276910084022	0.21704673048913	0.158105326175907	NA	0.0116347908655844	0.00470036274573592	0.022716648403762	0.00364098543670245	0.0123326678807579	0.0886893246934011	6.58151708155992e-05	0.0108238577739527	0.0108080750168403	NA	NA	NA
SGP027433	NA	0.014797658715643	NA	0.0323383434555411	0.0631068445851559	0.365393849340521	0.173507061340488	NA	0.0175480596857774	0.00684894204699452	0.0347163663891267	0.0317768264223661	0.00479405520362566	0.146004753549732	0.00841742284445082	0.00606197859132634	0.0212125001021146	NA	0.005997759831824	NA
SGP036364	0.0642131298638696	0.0300167426151781	0.00024233307534002	0.12064559803826	0.0573029224625935	0.0661485167423967	0.116630495159238	0.0172840952148286	0.245262377451355	NA	0.0210319543146432	0.00595912109792398	0.00157789642653768	0.150866542870666	0.00997061848033344	0.0113915119180237	0.000659041077750677	8.45652841808727e-05	NA	NA
SGP036365	0.0406274161947515	0.00349954491700793	NA	0.0127577021326418	0.0268994561877782	0.0204236181029856	0.218193782518274	NA	0.0947251080329417	NA	0.081925406192101	NA	0.025565674685251	0.34443094853821	NA	0.001548173859149	0.00935482115942714	NA	0.0715743519541947	NA
SGP027673	NA	0.0253646971874153	NA	0.000818844279762848	0.0466843610605151	0.00900341694891555	0.0889992222290192	NA	0.0609384187653791	NA	0.00629295374447414	NA	0.00834736775084362	0.082751711283422	NA	0.0010684051450237	0.0436049872223339	NA	0.610784674790607	NA
SGP027671	NA	0.00483763883758151	0.0027231297249476	0.00513001540624201	0.112299666377451	0.205376212672841	0.311411838928214	0.0781932577153478	0.0771967906344028	0.0298144186612968	0.00722513219544436	NA	0.00962370688098239	0.0692138661079404	0.00382103357461148	NA	NA	NA	NA	NA
SGP027668	NA	0.0205125278998835	0.0112161660319897	0.0590931283396759	0.220994389746817	0.184424211191797	0.250996900789263	0.00210781476213483	0.00946065941753131	0.00876620585720764	0.040396342431663	0.00199856536057172	0.00274616155615186	0.119581727233039	0.0129999377532479	0.00322063424782422	NA	NA	NA	NA
SGP027666	NA	NA	0.00936347498652809	NA	NA	0.460285321087512	0.247777854528178	NA	0.000177005609716246	NA	0.0660502133587318	1.40586069005399e-05	0.125697229413882	0.0573221431250313	8.96651306254907e-05	NA	NA	0.000903293167782721	NA	NA
SGP027665	NA	0.0773289089501464	NA	0.0532484144210859	0.199216141470232	0.124917667165785	0.259556417943509	0.0373634165330195	0.0200108148371748	NA	0.0583063052889549	0.0524785630599474	0.00601341865038216	0.0181437352666845	0.0134948754393528	NA	0.0215647418934869	NA	2.21508713218967e-05	NA
SGP027664	NA	0.0125947108788301	0.0021489597577461	0.0153119991210159	0.279597386677369	0.222398601348772	0.217421216110325	0.00892936567645341	0.00987454938849234	NA	0.0326826230778832	0.00396105990216705	0.00151673023440878	0.130039533595971	0.0138254954571648	NA	NA	NA	0.0196924383234298	NA
SGP027663	NA	0.00992705581013881	4.50499926682252e-05	0.0701985935258477	0.0224586479538215	0.0337130058994304	0.283506405963995	NA	0.0770503182770831	0.0357925537045534	0.0435034621030875	NA	0.0239225496957732	0.182483247033977	0.0228693388523291	0.00604874208488913	0.0252458374754609	NA	0.0312671481291708	NA
SGP027659	NA	0.00634355685904127	0.0108125245093978	0.0033328362413216	0.229229673079154	0.0105764610362711	0.114573301740374	NA	0.0129253864890391	0.00470017066825736	0.0130947291677023	0.0399121804112608	0.00494982132303801	0.243103179731902	0.0129486945811447	0.00044163863620045	NA	NA	0.22737728731366	NA
SGP027687	NA	0.00955317359185135	0.0149156457259298	0.0358827007803846	0.319833984347889	0.524028905601501	0.0210302409447901	NA	0.00572348677288337	NA	0.000289722298567213	NA	0.00252554781000924	0.0233227005582901	0.00182150818834726	0.00769246572109926	0.0164045673737601	NA	NA	NA
SGP027685	NA	0.00792026228039384	0.0288948125164949	0.00227737613831215	0.267252127554219	0.257836912657373	0.201546388278062	0.00474535458718474	0.000811563483376481	0.0129242469886546	0.0203602259228475	0.0114421532876047	0.0067161907744541	0.0206290187351286	0.00444939213106968	NA	0.0306742167857585	NA	NA	NA
SGP027683	NA	0.00640817550929884	9.13439575083548e-05	0.177870735623338	0.0442393832493901	0.169741123405094	0.19092119255638	NA	0.0862664893022127	0.00454255514758151	0.0186499244605612	9.06331095900019e-05	0.0120601273081232	0.162050341301781	NA	NA	0.00625084117003672	NA	NA	NA
SGP027682	NA	0.0217056766451437	0.073456808526077	0.136289883017877	0.0692708318685021	0.235533045748296	0.0847397869155745	0.113152543631345	0.0402143556645796	0.00629814607212426	0.00881632451022138	0.0183539928439363	0.00676861704371656	0.0382468600112612	8.90992370877824e-05	0.00991240262505252	0.00879866216145524	NA	NA	NA
SGP027679	NA	0.00719187573374953	NA	0.0417627755533675	0.112069425006343	0.184019673397347	0.248877200317677	NA	0.00745976246596227	0.00930667019877132	0.0187010046816345	0.0283070526661273	0.00492292405070698	0.243789373790826	0.000125857825340617	0.00404447260198553	0.0233777452937631	NA	NA	NA
SGP027677	0.00323378251474277	0.0213747515810644	0.0648847926880184	0.0543559638998284	0.10415124929607	0.0624424706023046	0.143647352453477	NA	0.107208474401004	0.00425854699125891	0.0200844305735367	0.0056236804605699	0.00281195106356166	0.196457413809671	0.00777861185975911	0.00393823882154967	NA	NA	0.1335811417623	NA
SGP027698	NA	0.0512567266546679	0.0589614514806703	0.0191088763268717	0.163985472519377	0.240018807191771	0.124766140717853	0.0148495339788357	0.0101860972757296	0.0266640036346991	0.0308759319433136	2.38767597087035e-05	0.0107413733889552	0.082214586436982	NA	NA	0.0169802235928413	NA	0.0119388324943462	NA
SGP027696	NA	0.0348182505377291	0.00984997507175678	NA	0.255715879709635	0.218248760787516	0.0971347736636021	NA	0.0114092923422193	0.00215009927384365	0.0225623578829723	0.00614331585054328	0.00249670499890422	0.07406639593158	0.040027855090621	0.0105568710142639	NA	NA	0.170611204576421	NA
SGP027695	0.00018731536509683	0.0174969529556193	0.000868772852832855	0.0760523534869158	0.249143657875487	0.384631430283459	0.0783970479363062	NA	0.0170970748925197	0.00138198828810404	0.0199244454268977	NA	0.000683552244614683	0.0663078752384853	NA	0.014108187577761	0.00621635641296037	3.85876267121192e-06	NA	NA
SGP027693	NA	0.0163479356561713	0.00805612303019661	0.0365025257252747	0.0669834155781149	0.148507433895669	0.265540348841087	0.0283777784429032	0.086621332173132	0.0384548458679949	0.0264426428144092	9.84410914283302e-05	0.00208296797273148	0.146980402028865	0.02203259572315	0.00528361219854692	0.00914557571024678	NA	0.0391662392350683	NA
SGP027690	NA	0.0294079415713109	0.110102722582651	0.00681793416484178	0.156993250101362	0.228340060369084	0.209750984440883	NA	0.0373269450001908	0.00780572151122946	0.0196849457292219	0.0149462436368806	0.00450605377904163	0.0107901026562065	0.0604228490955424	0.00732471586870581	NA	NA	7.63325421668154e-06	NA
SGP027689	0.000316361312067887	0.00708485564674378	0.157872598773814	0.123824140478724	0.0697084793366354	0.137331372961961	0.0637156065198802	0.000446919461998928	0.169199671620879	0.00563199255956946	0.0123440885414925	1.25714119633247e-05	0.00204083609808285	0.15078797379518	8.30405193907686e-06	0.00582125574334759	0.018417003192216	8.07338382965806e-07	0.0305764419121187	NA
SGP027717	NA	0.0125973896535256	6.03195900516349e-05	0.0430648362085311	0.13822547549241	0.0333839744037387	0.117629578478489	NA	0.00228944193136841	0.00490026404414097	0.010735157435211	0.00629193860027851	0.00273827156917198	0.0387031244899049	0.00044969443479355	0.00320407284790405	0.0328749332755072	NA	0.413203461004034	NA
SGP027714	NA	0.0119859478826047	4.43088845627282e-05	0.052495430153019	0.052684954923884	0.445019720835988	0.116758871613936	NA	0.0835382572267171	0.0027749989204642	0.0109081032606716	0.0060242043764776	0.00344019591517182	0.0895604321886345	0.0075336378281972	0.00461793283156434	NA	NA	NA	NA
SGP027713	NA	NA	0.0140749115442246	NA	0.120138187397127	0.517806275070607	0.126032418051597	NA	0.077611818841704	0.0175943718148054	0.0133773559725144	NA	0.00740999536698975	0.0217842623043313	0.0152394571891407	NA	0.0323888647171856	NA	NA	NA
SGP027724	0.00358586486990283	0.0526755570521392	3.67721711908772e-05	0.0430821832586249	NA	0.24440207293286	0.309799413587942	0.00597570909003446	0.0279894040641806	0.00537451878179116	0.0513715326039646	NA	0.0347953778999714	0.103307252073465	NA	0.0080540305768698	0.0128127889448515	NA	NA	NA
SGP027719	NA	0.0609102914287004	0.0151988758211246	0.0264299419851464	0.127268448497709	0.20389658908779	0.122475225174383	0.000245716607598366	0.0770094133050408	0.0096146639879004	0.0147968351430055	8.35233300977449e-06	0.0173116774645026	0.168551660308359	0.0176865166256575	0.0137551637734486	0.0293200749452584	NA	NA	NA
SGP027723	NA	0.0249549558434182	0.00507730967485176	0.0847601071918904	0.251453443519861	0.221562108339057	0.174149707041989	NA	0.00249888894084966	0.00245233633125777	0.0166624408773905	0.00599044070263264	0.00143708648106915	0.0993654317287953	0.0365440106144192	0.00262157998708616	0.0136893303645706	NA	NA	NA
SGP027722	NA	0.044678135398678	3.63682271415848e-05	0.0869855025127665	0.135256679766178	0.0527060161618548	0.322293028303515	2.07322059182919e-05	0.00722025131139889	NA	0.0200514019719918	0.0274055439540139	0.0135124178964108	0.112357089661579	0.000580733410471038	0.00435214172952926	0.0782880525740945	NA	2.91872396168132e-05	NA
SGP027353	NA	NA	0.0134203983460182	NA	0.00893178126369598	0.00374236517204095	0.645978803606373	0.00758216212923828	0.00346884632980991	0.16542749312024	0.0137025040083276	0.00392749701293152	0.0154988667687315	0.0153499140631047	0.0163238884418654	NA	NA	NA	5.106295673296e-05	NA
SGP027721	NA	0.00768157096353953	NA	0.0652103966600999	0.0684046191735063	0.0327489292892346	0.243375219401914	0.00107696362803197	0.0257084889428452	NA	0.0198821790926231	0.000651542623642294	0.0628827473391948	0.266116626016458	0.00512870541525062	0.00378170866232539	0.0328566709216312	NA	3.88186763782017e-05	NA
SGP027720	NA	0.10555204005544	NA	0.0428273586849381	NA	0.543707935514165	0.182742771276201	NA	0.00542172643413172	NA	0.00945293036750078	0.000113507759021139	0.00405019183021086	0.0569190007792381	NA	0.0130559100196089	NA	NA	NA	NA
SGP027355	0.00599653276359545	0.0131579891817423	2.00037395226002e-06	0.0165728628563622	0.0479634369295625	0.0162739834540834	0.18249917543409	NA	0.259685840094107	0.0142750215304955	0.0265058962198933	0.0066631279659221	0.0196206090762144	0.275023177862309	0.018725029890882	0.00498881496788047	NA	NA	0.0258996652433025	0.000322060206313863
SGP027358	9.13154342021687e-05	0.0101705149755135	NA	0.0269519844073726	0.0341844062407079	0.132016649666106	0.202720372767234	0.00914329796955398	0.0136249375811663	0.00039388624121293	0.0626755835807231	0.000384852652370523	0.00126927365156817	0.139801644156705	0.00187027940563774	0.00384732930108756	0.00800680719012722	NA	0.273544035806969	NA
SGP027360	NA	0.0674138300127309	0.000886375715856949	0.152750872242629	0.0230244665681389	0.150869854927227	0.0568440366156389	0.038359597466274	0.12503585941634	0.00554859727794989	0.00580550929383607	0.00462921509809299	0.00297526352793921	0.19907345471519	0.000233152043574151	0.0979088766437248	0.00947168472600129	NA	0.0015619548300688	NA
SGP027363	NA	0.0803213998993074	0.0191515514371374	0.0814079275013267	0.0535937507087036	0.298708345239553	0.311505036897942	NA	0.00575920861057817	0.018129884384936	0.00144076598948624	0.0194952443156305	0.00371508075818808	0.0249343457021948	0.00232647535072322	0.00482179223759825	0.0368670993727123	NA	NA	NA
SGP027364	NA	0.00249021519472591	0.0371968130167489	0.00876408562355358	0.186846950027686	0.544626047695897	0.11729449542587	NA	0.0046124649190476	0.00235261267315674	0.00365516311163907	NA	0.00835956023985196	0.0158918489140878	0.00290964850423811	0.000226931759561186	0.0113678850149316	NA	0.00954414875743622	NA
SGP027365	NA	0.0133146581599827	0.111414386466881	0.0693451738517522	0.157796230406345	0.375019663070813	0.0752980015349394	NA	0.00583932209864274	0.00317083717397351	0.0378221054972253	0.00950844530343633	0.00139692031582668	0.0383612860682293	0.0126931076202561	NA	0.00626453237441833	NA	NA	NA
SGP027366	NA	0.0124126087475007	NA	0.0745667152489412	0.0588126250807965	0.0846398809896678	0.360810971334602	NA	0.0233258719868665	0.00573393803648728	0.0343467864936637	1.09043309682535e-05	0.00102941524481151	0.258614305461399	0.000626187006028007	0.00324995464262331	0.00962562415694441	NA	NA	NA
SGP027368	NA	0.0200015728118923	0.000986836147884671	0.00282401170833261	0.115787518704489	0.115451685686063	0.150832417379061	0.00954030743732181	0.062586366394917	0.00287007783717216	0.0277699751668317	0.00687126753445205	0.00288575733748958	0.419740223497299	0.00130698966599383	0.00402525590706942	0.00226696403426493	NA	NA	NA
SGP027371	0.00366944222602183	0.0172141406128564	NA	0.0331546237585022	0.342036212697	0.228713862788924	0.137983913904954	0.00557177684038256	0.0180467190869509	NA	0.0139393245037136	6.05227377895935e-05	0.00496710779032601	0.121382482263041	0.00018514151154086	0.00372951830153991	0.0108869462057827	9.4692401560102e-05	NA	NA
SGP027376	0.0186664944000517	NA	0.00597059820882054	0.0754627773611668	0.0828027751591675	0.044337186698844	0.137917458624762	0.0139032958290113	0.199103740268878	0.00401689879493036	0.00784119764764071	0.0688796793360962	0.00246219926134022	0.264039620788114	0.0122516963244911	0.0022092993372102	NA	NA	NA	NA
SGP027377	0.0209410380078851	0.0185672687457391	0.0109038955570301	0.112945039771846	0.0252141344183114	0.0588476080419917	0.14520410602852	0.00170053386428006	0.128392045295134	0.00298058036608179	0.0153372975288004	0.000220734882897807	0.00329735470644898	0.266553737373689	NA	0.00497163059172056	0.0155064756492615	NA	0.0478366422783197	NA
SGP027378	0.0135322197651552	0.022211849953896	0.000227500836400134	0.0461606921857107	0.123367034138725	0.0446284615405539	0.144413962306234	0.0019780931164949	0.137712860434058	0.00465326794452287	0.0523854675816748	0.0041872774699644	0.00866711818673891	0.17256574921052	0.0110536465685835	0.0081843725094996	0.0178553884568622	NA	0.106986321117811	NA
SGP027381	NA	0.0436537224131652	NA	0.0982244742124213	NA	0.10149227722858	0.109740903873535	0.0224018546990092	0.0570892503546019	0.00492746423269892	0.130031003649112	0.0121928925933803	0.00195254260769425	0.298790971330419	0.0154703284416946	0.00400476879308731	NA	NA	NA	NA
SGP027384	NA	0.0281187047997188	NA	0.0448188532590655	0.102118671238283	0.155228199430056	0.13200590814635	0.0539857928439239	0.0749043471283802	0.00365964125047244	0.0314884063574251	0.00105874107051869	0.00255055802555626	0.273512147628534	4.93419791445679e-05	0.00372509716424756	0.00787015680414224	NA	NA	NA
SGP027387	5.27339939144971e-06	0.0359506710512926	0.000570873534121194	0.0420425693482875	0.0616820550818908	0.117542165035634	0.148608434050587	7.73057910789117e-05	0.0253240980775991	0.00313812143786079	0.0343311764381822	0.018792824631308	0.000527564339119075	0.382088640906971	0.00183099158870357	0.0051853224016138	0.00719347776987266	NA	0.00589476291974436	NA
SGP027390	0.000239293073395367	0.0290054233941087	0.00269459001411202	0.035867658292779	0.0799156669151383	0.073583698891433	0.160933171064751	0.00839169676666665	0.0395558950706552	0.00976539723523516	0.0453262589985343	0.00238871818951004	0.00368803128790327	0.129813050359941	0.00170834088937088	0.00497388479307417	0.0431627578192788	NA	0.215504423942253	NA
SGP027386	NA	0.0341982439170649	0.000199355523463746	0.101876482279515	0.000823509188068241	0.599019831545722	0.0778752164289001	0.000214164790921053	0.0120107715776438	NA	0.02587782787234	0.0166887913325231	0.0102008512594769	0.0342959850822831	0.0143584961393948	0.0106438761913344	NA	NA	0.000239796215366392	NA
